"OP_UNIQUE_CARRIER","TAIL_NUM"
"AA","N798AA"
"AA","N791AA"
"AA","N850AA"
"AA","N789AA"
"AA","N793AA"
"AA","N795AA"
"AA","N785AA"
"AA","N796AA"
"AA","N783AA"
"AA","N794AA"
"AA","N797AA"
"AA","N784AA"
"AA","N790AA"
"AA","N788AA"
"AA","N799AA"
"AA","N792AA"
"AA","N786AA"
"AA","N787AA"
"AA","N5FMAA"
"AA","N398AA"
"AA","N349AA"
"AA","N347AA"
"AA","N399AA"
"AA","N387AA"
"AA","N343AA"
"AA","N395AA"
"AA","N376AA"
"AA","N346AA"
"AA","N389AA"
"AA","N350AA"
"AA","N388AA"
"AA","N393AA"
"AA","N397AA"
"AA","N377AA"
"AA","N379AA"
"AA","N373AA"
"AA","N380AA"
"AA","N391AA"
"AA","N4YDAA"
"AA","N4XUAA"
"AA","N548AA"
"AA","N438AA"
"AA","N4XEAA"
"AA","N4XYAA"
"AA","N425AA"
"AA","N4XTAA"
"AA","N4XWAA"
"AA","N550AA"
"AA","N4XKAA"
"AA","N4YFAA"
"AA","N4YAAA"
"AA","N434AA"
"AA","N4YNAA"
"AA","N4XFAA"
"AA","N4YRAA"
"AA","N502AA"
"AA","N369AA"
"AA","N383AA"
"AA","N342AA"
"AA","N390AA"
"AA","N853AA"
"AA","N855AA"
"AA","N858AA"
"AA","N863AA"
"AA","N854AA"
"AA","N856AA"
"AA","N860AA"
"AA","N898AA"
"AA","N7BYAA"
"AA","N381AA"
"AA","N5EVAA"
"AA","N5FTAA"
"AA","N5FCAA"
"AA","N5FRAA"
"AA","N5FFAA"
"AA","N5EWAA"
"AA","N5FJAA"
"AA","N5FKAA"
"AA","N5DJAA"
"AA","N5FGAA"
"AA","N5EUAA"
"AA","N5FEAA"
"AA","N5FSAA"
"AA","N5FLAA"
"AA","N5FHAA"
"AA","N5FAAA"
"AA","N5FNAA"
"AA","N5EYAA"
"AA","N7AXAA"
"AA","N895AA"
"AA","N3MGAA"
"AA","N3CJAA"
"AA","N3BHAA"
"AA","N3CLAA"
"AA","N3ACAA"
"AA","N3KFAA"
"AA","N3DWAA"
"AA","N3BLAA"
"AA","N3CYAA"
"AA","N3FAAA"
"AA","N3FRAA"
"AA","N3EVAA"
"AA","N3FMAA"
"AA","N3NMAA"
"AA","N3DMAA"
"AA","N3JKAA"
"AA","N3BYAA"
"AA","N3BBAA"
"AA","N3GMAA"
"AA","N3LEAA"
"AA","N3GAAA"
"AA","N3HYAA"
"AA","N3CNAA"
"AA","N3DDAA"
"AA","N3CRAA"
"AA","N3HLAA"
"AA","N3HAAA"
"AA","N3HUAA"
"AA","N3HBAA"
"AA","N3HGAA"
"AA","N3KLAA"
"AA","N3NGAA"
"AA","N3LXAA"
"AA","N3LGAA"
"AA","N5EPAA"
"AA","N3MPAA"
"AA","N3KSAA"
"AA","N3FKAA"
"AA","N3ATAA"
"AA","N3ANAA"
"AA","N5EAAA"
"AA","N3PCAA"
"AA","N3MDAA"
"AA","N3DSAA"
"AA","N3FPAA"
"AA","N3MHAA"
"AA","N5ENAA"
"AA","N3MWAA"
"AA","N3LUAA"
"AA","N3CEAA"
"AA","N3CTAA"
"AA","N3APAA"
"AA","N3MRAA"
"AA","N851AA"
"AA","N857AA"
"AA","N861AA"
"AA","N865AA"
"AA","N864AA"
"AA","N3AWAA"
"AA","N017AA"
"AA","N024AA"
"AA","N5EJAA"
"AA","N3AYAA"
"AA","N3KUAA"
"AA","N3GYAA"
"AA","N3GFAA"
"AA","N3JGAA"
"AA","N3NTAA"
"AA","N899AA"
"AA","N3NXAA"
"AA","N3DCAA"
"AA","N3JJAA"
"AA","N3EKAA"
"AA","N3HJAA"
"AA","N866AA"
"AA","N3LMAA"
"AA","N3CKAA"
"AA","N3FGAA"
"AA","N3FDAA"
"AA","N3CMAA"
"AA","N997AA"
"AA","N3JPAA"
"AA","N3FLAA"
"AA","N3AXAA"
"AA","N3HVAA"
"AA","N3DFAA"
"AA","N932AA"
"AA","N3BRAA"
"AA","N3MVAA"
"AA","N3DLAA"
"AA","N3CFAA"
"AA","N3JDAA"
"AA","N3FHAA"
"AA","N3DAAA"
"AA","N3JUAA"
"AA","N3NYAA"
"AA","N3MMAA"
"AA","N3NVAA"
"AA","N3MBAA"
"AA","N3DXAA"
"AA","N3JEAA"
"AA","N3ARAA"
"AA","N3DYAA"
"AA","N3LRAA"
"AA","N3NDAA"
"AA","N3HFAA"
"AA","N3CSAA"
"AA","N3JWAA"
"AA","N3BWAA"
"AA","N3MAAA"
"AA","N3GHAA"
"AA","N3BNAA"
"AA","N3NFAA"
"AA","N3CHAA"
"AA","N3AFAA"
"AA","N3KGAA"
"AA","N3DHAA"
"AA","N3MJAA"
"AA","N3DUAA"
"AA","N3JTAA"
"AA","N3GXAA"
"AA","N3LSAA"
"AA","N3MCAA"
"AA","N3HTAA"
"AA","N3LNAA"
"AA","N3BAAA"
"AA","N3GUAA"
"AA","N3JCAA"
"AA","N3CDAA"
"AA","N3LLAA"
"AA","N4XMAA"
"AA","N3DBAA"
"AA","N3NRAA"
"AA","N3NHAA"
"AA","N547AA"
"AA","N3BMAA"
"AA","N3MXAA"
"AA","N3GKAA"
"AA","N3BKAA"
"AA","N3LDAA"
"AA","N3FCAA"
"AA","N3EWAA"
"AA","N3KMAA"
"AA","N3DTAA"
"AA","N3NNAA"
"AA","N3EXAA"
"AA","N3NSAA"
"AA","N3GGAA"
"AA","N3EMAA"
"AA","N3AGAA"
"AA","N3DVAA"
"AA","N3MUAA"
"AA","N3LHAA"
"AA","N3JVAA"
"AA","N3LWAA"
"AA","N3KVAA"
"AA","N3CUAA"
"AA","N3GEAA"
"AA","N3FJAA"
"AA","N3CPAA"
"AA","N3FEAA"
"AA","N3AUAA"
"AA","N3EEAA"
"AA","N3LBAA"
"AA","N3HSAA"
"AA","N3ASAA"
"AA","N3LTAA"
"AA","N3JAAA"
"AA","N501AA"
"AA","N541AA"
"AA","N4XRAA"
"AA","N4YEAA"
"AA","N566AA"
"AA","N4YBAA"
"AA","N437AA"
"AA","N514AA"
"AA","N439AA"
"AA","N4UBAA"
"AA","N494AA"
"AA","N4XDAA"
"AA","N4XJAA"
"AA","N4XVAA"
"AA","N4YTAA"
"AA","N4YPAA"
"AA","N4WNAA"
"AA","N4YCAA"
"AA","N4XBAA"
"AA","N4YSAA"
"AA","N590AA"
"AA","N4XPAA"
"AA","N4XXAA"
"AA","N4XHAA"
"AA","N555AA"
"AA","N4XLAA"
"AA","N4XCAA"
"AA","N4YLAA"
"AA","N881AA"
"AA","N4YUAA"
"AA","N3MLAA"
"AA","N3MEAA"
"AA","N3GNAA"
"AA","N3NEAA"
"AA","N3HKAA"
"AA","N3NLAA"
"AA","N3LYAA"
"AA","N3NPAA"
"AA","N3JRAA"
"AA","N3FFAA"
"AA","N3DPAA"
"AA","N3KRAA"
"AA","N3ELAA"
"AA","N3GVAA"
"AA","N3GPAA"
"AA","N3DEAA"
"AA","N3KCAA"
"AA","N3PAAA"
"AA","N3BSAA"
"AA","N3JSAA"
"AA","N3KXAA"
"AA","N3GBAA"
"AA","N3EYAA"
"AA","N3ADAA"
"AA","N993AA"
"AA","N878AA"
"AA","N869AA"
"AA","N933AA"
"AA","N892AA"
"AA","N991AA"
"AA","N891AA"
"AA","N897AA"
"AA","N868AA"
"AA","N889AA"
"AA","N873AA"
"AA","N990AA"
"AA","N998AA"
"AA","N931AA"
"AA","N882AA"
"AA","N876AA"
"AA","N862AA"
"AA","N3NAAA"
"AA","N992AA"
"AA","N888AA"
"AA","N894AA"
"AA","N930AA"
"AA","N880AA"
"AA","N929AA"
"AA","N884AA"
"AA","N871AA"
"AA","N896AA"
"AA","N875AA"
"AA","N986AA"
"AA","N879AA"
"AA","N996AA"
"AA","N988AA"
"AA","N5DVAA"
"AA","N5ELAA"
"AA","N5EHAA"
"AA","N5EKAA"
"AA","N396AA"
"AA","N7ATAA"
"AA","N7BAAA"
"AA","N877AA"
"AA","N885AA"
"AA","N874AA"
"AA","N890AA"
"AA","N887AA"
"AA","N987AA"
"AA","N994AA"
"AA","N893AA"
"AA","N995AA"
"AA","N7CBAA"
"AA","N394AA"
"AA","N5FBAA"
"AA","N4XGAA"
"AA","N7AYAA"
"AA","N3KWAA"
"AA","N385AA"
"AA","N3PEAA"
"AA","N384AA"
"AA","N5FPAA"
"AA","N344AA"
"AA","N886AA"
"AA","N870AA"
"AA","N867AA"
"AA","N883AA"
"AA","N928AA"
"AA","N852AA"
"AA","N900AA"
"AA","N3AMAA"
"AA","N3AAAA"
"AA","N3CAAA"
"AA","N3LAAA"
"AA","N3GCAA"
"AA","N859AA"
"AA","N3CVAA"
"AA","N3HNAA"
"AA","N3KTAA"
"AA","N3EBAA"
"AA","N3HXAA"
"AA","N3GDAA"
"AA","N3HWAA"
"AA","N3FSAA"
"AA","N3KKAA"
"AA","N3CCAA"
"AA","N3DNAA"
"AA","N3ESAA"
"AA","N3BGAA"
"AA","N3FVAA"
"AA","N3FXAA"
"AA","N3BPAA"
"AA","N3NUAA"
"AA","N3EPAA"
"AA","N3DRAA"
"AA","N3JHAA"
"AA","N3ALAA"
"AA","N3AEAA"
"AA","N3GTAA"
"AA","N3EGAA"
"AA","N3MYAA"
"AA","N3LVAA"
"AA","N3EFAA"
"AA","N3HPAA"
"AA","N3HMAA"
"AA","N3LKAA"
"AA","N3DGAA"
"AA","N3ECAA"
"AA","N3BDAA"
"AA","N3PDAA"
"AA","N3KPAA"
"AA","N3NKAA"
"AA","N3HCAA"
"AA","N3GLAA"
"AA","N3JLAA"
"AA","N3KAAA"
"AA","N3FYAA"
"AA","N3JBAA"
"AA","N3JNAA"
"AA","N3KHAA"
"AA","N3GJAA"
"AA","N3GSAA"
"AA","N3FUAA"
"AA","N016AA"
"AA","N031AA"
"AA","N012AA"
"AA","N014AA"
"AA","N007AA"
"AA","N019AA"
"AA","N013AA"
"AA","N004AA"
"AA","N008AA"
"AA","N011AA"
"AA","N029AA"
"AA","N002AA"
"AA","N030AA"
"AA","N032AA"
"AA","N003AA"
"AA","N005AA"
"AA","N009AA"
"AA","N3FNAA"
"AA","N3EJAA"
"AA","N3HRAA"
"AA","N3KBAA"
"AA","N3NWAA"
"AA","N3KDAA"
"AA","N3EAAA"
"AA","N3BVAA"
"AA","N3BJAA"
"AA","N3FWAA"
"AA","N3DJAA"
"AA","N3BXAA"
"AA","N3BEAA"
"AA","N3ABAA"
"AA","N5FDAA"
"AA","N3JXAA"
"AA","N3ENAA"
"AA","N3NCAA"
"AA","N3EHAA"
"AA","N3ETAA"
"AA","N872AA"
"AA","N3PFAA"
"AA","N3KYAA"
"AA","N3PBAA"
"AA","N3LJAA"
"AA","N3AHAA"
"AA","N3MFAA"
"AA","N3NBAA"
"AA","N3GWAA"
"AA","N989AA"
"AA","N3EUAA"
"AA","N3BFAA"
"AA","N3HEAA"
"AA","N3KJAA"
"AA","N3GRAA"
"AA","N3AVAA"
"AA","N3JMAA"
"AA","N3ERAA"
"AA","N3CBAA"
"AA","N3LCAA"
"AA","N015AA"
"AA","N001AA"
"AA","N018AA"
"AA","N010AA"
"AA","N021AA"
"AA","N022AA"
"AA","N023AA"
"AA","N006AA"
"AA","N3FTAA"
"AA","N3AJAA"
"AA","N3PGAA"
"AA","N3LFAA"
"AA","N3NJAA"
"AA","N3LPAA"
"AA","N3FBAA"
"AA","N3BUAA"
"AA","N513AA"
"AA","N426AA"
"AA","N424AA"
"AA","N3MNAA"
"AA","N3KEAA"
"AA","N4XSAA"
"AA","N3JFAA"
"AA","N3JYAA"
"AA","N5ESAA"
"AA","N5ERAA"
"AA","N5EXAA"
"AA","N3EDAA"
"AA","N3MKAA"
"AA","N3AKAA"
"AA","N3HHAA"
"AA","N348AA"
"AA","N7APAA"
"AA","N5ETAA"
"AA","N7AUAA"
"AA","N3CXAA"
"AA","N3BCAA"
"AA","N7LGAA"
"AA","N7LWAA"
"AA","N7LLAA"
"AA","N7LAAA"
"AA","N7LHAA"
"AA","N7LVAA"
"AA","N7LRAA"
"AA","N7LSAA"
"AA","N7LUAA"
"AA","N7LDAA"
"AA","N7LTAA"
"AA","N7LJAA"
"AA","N7AAAA"
"AA","N7LCAA"
"AA","N7BMAA"
"AA","N7LMAA"
"AA","N3BTAA"
"AA","N3HDAA"
"AA","N3KNAA"
"AA","N3CWAA"
"AA","N528AA"
"AA","N3CGAA"
"AA","N7ABAA"
"AA","N7AEAA"
"AA","N028AA"
"AA","N027AA"
"AA","N483AA"
"AA","N126AA"
"AA","N026AA"
"AA","N025AA"
"AA","N392AA"
"AA","N7LFAA"
"AA","N7AKAA"
"AA","N7BBAA"
"AA","N7AHAA"
"AA","N7AJAA"
"AA","N7ARAA"
"AA","N7ALAA"
"AA","N7BLAA"
"AA","N7ACAA"
"AA","N7CAAA"
"AA","N7BPAA"
"AA","N7AMAA"
"AA","N7BEAA"
"AA","N7BJAA"
"AA","N7ANAA"
"AA","N020AA"
"AA","N832AA"
"AA","N204AA"
"AA","N766AA"
"AA","N970AA"
"AA","N151AA"
"AA","N102AA"
"AA","N114AA"
"AA","N109AA"
"AA","N119AA"
"AA","N121AA"
"AA","N661AA"
"AA","N124AA"
"AA","N665AA"
"AA","N663AA"
"AA","N118AA"
"AA","N601AA"
"AA","N105AA"
"AA","N125AA"
"AA","N103AA"
"AA","N123AA"
"AA","N122AA"
"AA","N112AA"
"AA","N128AA"
"AA","N127AA"
"AA","N680AA"
"AA","N700AA"
"AA","N837AA"
"AA","N819AA"
"AA","N769AA"
"AA","N820AA"
"AA","N803AA"
"AA","N747AA"
"AA","N725AA"
"AA","N710AA"
"AA","N708AA"
"AA","N733AA"
"AA","N742AA"
"AA","N702AA"
"AA","N730AA"
"AA","N752AA"
"AA","N755AA"
"AA","N703AA"
"AA","N741AA"
"AA","N754AA"
"AA","N709AA"
"AA","N714AA"
"AA","N809AA"
"AA","N721AA"
"AA","N957AA"
"AA","N104AA"
"AA","N657AA"
"AA","N107AA"
"AA","N117AA"
"AA","N171AA"
"AA","N651AA"
"AA","N650AA"
"AA","N540AA"
"AA","N110AA"
"AA","N111AA"
"AA","N669AA"
"AA","N649AA"
"AA","N559AA"
"AA","N604AA"
"AA","N653AA"
"AA","N668AA"
"AA","N654AA"
"AA","N701AA"
"AA","N765AA"
"AA","N662AA"
"AA","N757AA"
"AA","N679AA"
"AA","N659AA"
"AA","N746AA"
"AA","N647AA"
"AA","N705AA"
"AA","N944AA"
"AA","N958AA"
"AA","N953AA"
"AA","N963AA"
"AA","N947AA"
"AA","N979AA"
"AA","N950AA"
"AA","N952AA"
"AA","N949AA"
"AA","N945AA"
"AA","N959AA"
"AA","N977AA"
"AA","N946AA"
"AA","N954AA"
"AA","N178AA"
"AA","N961AA"
"AA","N185AA"
"AA","N955AA"
"AA","N813AA"
"AA","N539AA"
"AA","N152AA"
"AA","N972AA"
"AA","N927AA"
"AA","N521AA"
"AA","N549AA"
"AA","N560AA"
"AA","N922AA"
"AA","N567AA"
"AA","N980AA"
"AA","N181AA"
"AA","N195AA"
"AA","N524AA"
"AA","N194AA"
"AA","N562AA"
"AA","N551AA"
"AA","N163AA"
"AA","N177AA"
"AA","N915AA"
"AA","N507AA"
"AA","N193AA"
"AA","N975AA"
"AA","N508AA"
"AA","N553AA"
"AA","N183AA"
"AA","N582AA"
"AA","N187AA"
"AA","N162AA"
"AA","N552AA"
"AA","N838AA"
"AA","N760AA"
"AA","N806AA"
"AA","N712AA"
"AA","N723AA"
"AA","N716AA"
"AA","N715AA"
"AA","N737AA"
"AA","N835AA"
"AA","N740AA"
"AA","N768AA"
"AA","N724AA"
"AA","N815AA"
"AA","N704AA"
"AA","N751AA"
"AA","N753AA"
"AA","N812AA"
"AA","N823AA"
"AA","N764AA"
"AA","N830AA"
"AA","N738AA"
"AA","N826AA"
"AA","N802AA"
"AA","N749AA"
"AA","N808AA"
"AA","N546AA"
"AA","N974AA"
"AA","N971AA"
"AA","N982AA"
"AA","N510AA"
"AA","N914AA"
"AA","N561AA"
"AA","N913AA"
"AA","N587AA"
"AA","N664AA"
"AA","N925AA"
"AA","N544AA"
"AA","N556AA"
"AA","N917AA"
"AA","N557AA"
"AA","N197AA"
"AA","N538AA"
"AA","N948AA"
"AA","N924AA"
"AA","N745AA"
"AA","N763AA"
"AA","N804AA"
"AA","N834AA"
"AA","N978AA"
"AA","N965AA"
"AA","N652AA"
"AA","N545AA"
"AA","N154AA"
"AA","N923AA"
"AA","N192AA"
"AA","N558AA"
"AA","N189AA"
"AA","N199AA"
"AA","N581AA"
"AA","N554AA"
"AA","N575AA"
"AA","N918AA"
"AA","N150AA"
"AA","N190AA"
"AA","N196AA"
"AA","N981AA"
"AA","N973AA"
"AA","N170AA"
"AA","N285AA"
"AA","N284AA"
"AA","N277AA"
"AA","N276AA"
"AA","N272AA"
"AA","N288AA"
"AA","N282AA"
"AA","N270AA"
"AA","N291AA"
"AA","N275AA"
"AA","N290AA"
"AA","N278AA"
"AA","N274AA"
"AA","N273AA"
"AA","N840AA"
"AA","N818AA"
"AA","N748AA"
"AA","N839AA"
"AA","N816AA"
"AA","N814AA"
"AA","N824AA"
"AA","N758AA"
"AA","N810AA"
"AA","N817AA"
"AA","N801AA"
"AA","N822AA"
"AA","N578AA"
"AA","N523AA"
"AA","N165AA"
"AA","N188AA"
"AA","N172AA"
"AA","N174AA"
"AA","N579AA"
"AA","N713AA"
"AA","N756AA"
"AA","N722AA"
"AA","N732AA"
"AA","N827AA"
"AA","N919AA"
"AA","N572AA"
"AA","N157AA"
"AA","N535AA"
"AA","N153AA"
"AA","N169AA"
"AA","N156AA"
"AA","N583AA"
"AA","N831AA"
"AA","N182AA"
"AA","N580AA"
"AA","N563AA"
"AA","N585AA"
"AA","N155AA"
"AA","N586AA"
"AA","N921AA"
"AA","N509AA"
"AA","N912AA"
"AA","N184AA"
"AA","N536AA"
"AA","N161AA"
"AA","N198AA"
"AA","N821AA"
"AA","N829AA"
"AA","N767AA"
"AA","N770AA"
"AA","N828AA"
"AA","N534AA"
"AA","N543AA"
"AA","N926AA"
"AA","N568AA"
"AA","N176AA"
"AA","N537AA"
"AA","N167AA"
"AA","N711AA"
"AA","N825AA"
"AA","N833AA"
"AA","N584AA"
"AA","N807AA"
"AA","N750AA"
"AA","N173AA"
"AA","N976AA"
"AA","N920AA"
"AA","N836AA"
"AA","N762AA"
"AA","N744AA"
"AA","N956AA"
"AA","N967AA"
"AA","N573AA"
"AA","N667AA"
"AA","N542AA"
"AA","N180AA"
"AA","N519AA"
"AA","N916AA"
"AA","N576AA"
"AA","N951AA"
"AA","N655AA"
"AA","N678AA"
"AA","N179AA"
"AA","N191AA"
"AA","N7BCAA"
"AA","N7ADAA"
"AA","N7BDAA"
"AA","N7BSAA"
"AA","N7ASAA"
"AA","N186AA"
"AA","N658AA"
"AA","N673AA"
"AA","N280AA"
"AA","N283AA"
"AA","N293AA"
"AA","N279AA"
"AA","N289AA"
"AA","N287AA"
"AA","N281AA"
"AA","N286AA"
"AA","N201AA"
"AA","N937AA"
"AA","N938AA"
"AA","N660AA"
"AA","N942AA"
"AA","N200AA"
"AA","N205AA"
"AA","N940AA"
"AA","N207AA"
"AA","N203AA"
"AA","N206AA"
"AA","N656AA"
"AA","N936AA"
"AA","N271AA"
"AA","N292AA"
"AA","N941AA"
"AA","N805AA"
"AA","N939AA"
"AA","N935AA"
"AA","N202AA"
"AA","N7BTAA"
"AA","N7BHAA"
"AA","N7LPAA"
"AA","N7LKAA"
"AA","N7AWAA"
"AA","N8AMAA"
"AA","N8AWAA"
"AA","N8AFAA"
"AA","N7BKAA"
"AA","N8AEAA"
"AA","N7AVAA"
"AA","N8APAA"
"AA","N8AVAA"
"AA","N7BXAA"
"AA","N8AKAA"
"AA","N8ANAA"
"AA","N8ADAA"
"AA","N8ASAA"
"AA","N8AJAA"
"AA","N8AUAA"
"AA","N8ARAA"
"AA","N8AHAA"
"AA","N8AAAA"
"AA","N8ATAA"
"AA","N7AGAA"
"AA","N7AFAA"
"AS","N584AS"
"AS","N528AS"
"AS","N586AS"
"AS","N524AS"
"AS","N527AS"
"AS","N530AS"
"AS","N464AS"
"AS","N264AK"
"AS","N457AS"
"AS","N494AS"
"AS","N557AS"
"AS","N467AS"
"AS","N433AS"
"AS","N270AK"
"AS","N251AK"
"AS","N495AS"
"AS","N570AS"
"AS","N614AS"
"AS","N569AS"
"AS","N238AK"
"AS","N237AK"
"AS","N320AS"
"AS","N459AS"
"AS","N442AS"
"AS","N492AS"
"AS","N307AS"
"AS","N585AS"
"AS","N263AK"
"AS","N486AS"
"AS","N793AS"
"AS","N794AS"
"AS","N765AS"
"AS","N762AS"
"AS","N260AK"
"AS","N461AS"
"AS","N768AS"
"AS","N764AS"
"AS","N549AS"
"AS","N763AS"
"AS","N769AS"
"AS","N534AS"
"AS","N590AS"
"AS","N306AS"
"AS","N468AS"
"AS","N419AS"
"AS","N558AS"
"AS","N713AS"
"AS","N408AS"
"AS","N516AS"
"AS","N560AS"
"AS","N596AS"
"AS","N556AS"
"AS","N551AS"
"AS","N323AS"
"AS","N487AS"
"AS","N518AS"
"AS","N471AS"
"AS","N493AS"
"AS","N593AS"
"AS","N512AS"
"AS","N514AS"
"AS","N566AS"
"AS","N587AS"
"AS","N423AS"
"AS","N583AS"
"AS","N491AS"
"AS","N519AS"
"AS","N589AS"
"AS","N448AS"
"AS","N309AS"
"AS","N594AS"
"AS","N535AS"
"AS","N315AS"
"AS","N553AS"
"AS","N525AS"
"AS","N435AS"
"AS","N318AS"
"AS","N266AK"
"AS","N546AS"
"AS","N548AS"
"AS","N428AS"
"AS","N303AS"
"AS","N305AS"
"AS","N431AS"
"AS","N533AS"
"AS","N469AS"
"AS","N319AS"
"AS","N622AS"
"AS","N481AS"
"AS","N611AS"
"AS","N409AS"
"AS","N538AS"
"AS","N413AS"
"AS","N708AS"
"AS","N407AS"
"AS","N526AS"
"AS","N588AS"
"AS","N523AS"
"AS","N568AS"
"AS","N564AS"
"AS","N317AS"
"AS","N520AS"
"AS","N472AS"
"AS","N236AK"
"AS","N479AS"
"AS","N462AS"
"AS","N552AS"
"AS","N267AK"
"AS","N248AK"
"AS","N579AS"
"AS","N253AK"
"AS","N302AS"
"AS","N607AS"
"AS","N613AS"
"AS","N615AS"
"AS","N644AS"
"AS","N625AS"
"AS","N612AS"
"AS","N478AS"
"AS","N609AS"
"AS","N403AS"
"AS","N440AS"
"AS","N224AK"
"AS","N563AS"
"AS","N619AS"
"AS","N562AS"
"AS","N453AS"
"AS","N434AS"
"AS","N581AS"
"AS","N402AS"
"AS","N508AS"
"AS","N506AS"
"AS","N513AS"
"AS","N532AS"
"AS","N537AS"
"AS","N577AS"
"AS","N536AS"
"AS","N531AS"
"AS","N565AS"
"AS","N597AS"
"AS","N268AK"
"AS","N618AS"
"AS","N247AK"
"AS","N592AS"
"AS","N559AS"
"AS","N483AS"
"AS","N265AK"
"AS","N474AS"
"AS","N529AS"
"AS","N760AS"
"AS","N517AS"
"AS","N477AS"
"AS","N767AS"
"B6","N966JB"
"B6","N965JB"
"B6","N975JB"
"B6","N608JB"
"B6","N587JB"
"B6","N709JB"
"B6","N571JB"
"B6","N554JB"
"B6","N661JB"
"B6","N923JB"
"B6","N809JB"
"B6","N784JB"
"B6","N964JB"
"B6","N534JB"
"B6","N648JB"
"B6","N527JB"
"B6","N198JB"
"B6","N354JB"
"B6","N665JB"
"B6","N952JB"
"B6","N958JB"
"B6","N258JB"
"B6","N591JB"
"B6","N523JB"
"B6","N563JB"
"B6","N281JB"
"B6","N834JB"
"B6","N655JB"
"B6","N729JB"
"B6","N643JB"
"B6","N913JB"
"B6","N705JB"
"B6","N507JB"
"B6","N375JB"
"B6","N972JB"
"B6","N760JB"
"B6","N651JB"
"B6","N323JB"
"B6","N324JB"
"B6","N179JB"
"B6","N526JB"
"B6","N283JB"
"B6","N368JB"
"B6","N583JB"
"B6","N556JB"
"B6","N945JB"
"B6","N943JB"
"B6","N613JB"
"B6","N346JB"
"B6","N634JB"
"B6","N976JB"
"B6","N519JB"
"B6","N590JB"
"B6","N508JB"
"B6","N659JB"
"B6","N358JB"
"B6","N531JB"
"B6","N585JB"
"B6","N827JB"
"B6","N779JB"
"B6","N521JB"
"B6","N766JB"
"B6","N216JB"
"B6","N594JB"
"B6","N636JB"
"B6","N640JB"
"B6","N339JB"
"B6","N623JB"
"B6","N638JB"
"B6","N656JB"
"B6","N503JB"
"B6","N247JB"
"B6","N238JB"
"B6","N374JB"
"B6","N249JB"
"B6","N603JB"
"B6","N593JB"
"B6","N763JB"
"B6","N504JB"
"B6","N708JB"
"B6","N355JB"
"B6","N306JB"
"B6","N296JB"
"B6","N509JB"
"B6","N192JB"
"B6","N627JB"
"B6","N641JB"
"B6","N566JB"
"B6","N524JB"
"B6","N562JB"
"B6","N635JB"
"B6","N768JB"
"B6","N236JB"
"B6","N929JB"
"B6","N715JB"
"B6","N625JB"
"B6","N954JB"
"B6","N187JB"
"B6","N595JB"
"B6","N559JB"
"B6","N373JB"
"B6","N950JB"
"B6","N328JB"
"B6","N644JB"
"B6","N580JB"
"B6","N516JB"
"B6","N348JB"
"B6","N588JB"
"B6","N193JB"
"B6","N658JB"
"B6","N653JB"
"B6","N805JB"
"B6","N793JB"
"B6","N316JB"
"B6","N505JB"
"B6","N706JB"
"B6","N974JB"
"B6","N970JB"
"B6","N935JB"
"B6","N703JB"
"B6","N961JB"
"B6","N206JB"
"B6","N630JB"
"B6","N284JB"
"B6","N304JB"
"B6","N712JB"
"B6","N329JB"
"B6","N615JB"
"B6","N637JB"
"B6","N552JB"
"B6","N510JB"
"B6","N229JB"
"B6","N621JB"
"B6","N589JB"
"B6","N804JB"
"B6","N351JB"
"B6","N942JB"
"B6","N663JB"
"B6","N307JB"
"B6","N279JB"
"B6","N796JB"
"B6","N239JB"
"B6","N228JB"
"B6","N662JB"
"B6","N605JB"
"B6","N821JB"
"B6","N794JB"
"B6","N586JB"
"B6","N294JB"
"B6","N274JB"
"B6","N903JB"
"B6","N564JB"
"B6","N203JB"
"B6","N657JB"
"B6","N568JB"
"B6","N946JB"
"B6","N905JB"
"B6","N646JB"
"B6","N962JB"
"B6","N956JB"
"B6","N292JB"
"B6","N957JB"
"B6","N317JB"
"B6","N318JB"
"B6","N624JB"
"B6","N592JB"
"B6","N828JB"
"B6","N520JB"
"B6","N565JB"
"B6","N266JB"
"B6","N537JB"
"B6","N231JB"
"B6","N506JB"
"B6","N599JB"
"B6","N607JB"
"B6","N561JB"
"B6","N353JB"
"B6","N606JB"
"B6","N197JB"
"B6","N584JB"
"B6","N789JB"
"B6","N645JB"
"B6","N746JB"
"B6","N184JB"
"B6","N190JB"
"B6","N178JB"
"B6","N955JB"
"B6","N334JB"
"B6","N934JB"
"B6","N337JB"
"B6","N639JB"
"B6","N649JB"
"B6","N267JB"
"B6","N298JB"
"B6","N907JB"
"B6","N971JB"
"B6","N948JB"
"B6","N535JB"
"B6","N947JB"
"B6","N265JB"
"B6","N949JB"
"B6","N652JB"
"B6","N579JB"
"B6","N775JB"
"B6","N937JB"
"B6","N633JB"
"B6","N529JB"
"B6","N967JB"
"B6","N969JB"
"B6","N536JB"
"B6","N598JB"
"B6","N807JB"
"B6","N959JB"
"B6","N612JB"
"B6","N968JB"
"B6","N944JB"
"B6","N517JB"
"B6","N570JB"
"B6","N558JB"
"B6","N569JB"
"B6","N547JB"
"B6","N632JB"
"B6","N618JB"
"B6","N806JB"
"B6","N183JB"
"B6","N978JB"
"B6","N597JB"
"B6","N309JB"
"B6","N629JB"
"B6","N979JB"
"B6","N273JB"
"DL","N722TW"
"DL","N705TW"
"DL","N3734B"
"DL","N996AT"
"DL","N703TW"
"DL","N3740C"
"DL","N810DN"
"DL","N154DL"
"DL","N821NW"
"DL","N379DA"
"DL","N953DL"
"DL","N301NB"
"DL","N991DL"
"DL","N624AG"
"DL","N727TW"
"DL","N197DN"
"DL","N317NB"
"DL","N709TW"
"DL","N3733Z"
"DL","N394DL"
"DL","N321US"
"DL","N3753"
"DL","N348NB"
"DL","N353NB"
"DL","N6713Y"
"DL","N704X"
"DL","N373DA"
"DL","N180DN"
"DL","N840MH"
"DL","N338NB"
"DL","N702TW"
"DL","N153DL"
"DL","N833MH"
"DL","N713TW"
"DL","N3745B"
"DL","N6711M"
"DL","N966AT"
"DL","N707TW"
"DL","N392DA"
"DL","N809DN"
"DL","N328NB"
"DL","N905DE"
"DL","N992AT"
"DL","N936DL"
"DL","N658DL"
"DL","N608AT"
"DL","N911DL"
"DL","N310DE"
"DL","N914DE"
"DL","N974AT"
"DL","N360NB"
"DL","N929DN"
"DL","N949AT"
"DL","N851DN"
"DL","N319NB"
"DL","N945AT"
"DL","N832DN"
"DL","N672DL"
"DL","N312US"
"DL","N910DN"
"DL","N948AT"
"DL","N303DQ"
"DL","N931DL"
"DL","N928DN"
"DL","N690DL"
"DL","N723TW"
"DL","N960AT"
"DL","N321NB"
"DL","N337NW"
"DL","N866DN"
"DL","N684DA"
"DL","N344NW"
"DL","N311DN"
"DL","N366NW"
"DL","N366NB"
"DL","N659DL"
"DL","N959DN"
"DL","N345NW"
"DL","N968DL"
"DL","N967AT"
"DL","N895AT"
"DL","N989AT"
"DL","N970AT"
"DL","N997DL"
"DL","N801DZ"
"DL","N958AT"
"DL","N717JL"
"DL","N364NB"
"DL","N814DN"
"DL","N346NB"
"DL","N993AT"
"DL","N370NB"
"DL","N3756"
"DL","N368NW"
"DL","N920AT"
"DL","N538US"
"DL","N3761R"
"DL","N554NW"
"DL","N844DN"
"DL","N607AT"
"DL","N904DL"
"DL","N682DA"
"DL","N909DE"
"DL","N977AT"
"DL","N948DN"
"DL","N954AT"
"DL","N936DN"
"DL","N3747D"
"DL","N913DN"
"DL","N892AT"
"DL","N383DN"
"DL","N335NB"
"DL","N396DA"
"DL","N937DL"
"DL","N359NB"
"DL","N359NW"
"DL","N582NW"
"DL","N390DA"
"DL","N955AT"
"DL","N3760C"
"DL","N914DN"
"DL","N979DL"
"DL","N670DN"
"DL","N989DN"
"DL","N354NB"
"DL","N718TW"
"DL","N910AT"
"DL","N320NB"
"DL","N342NB"
"DL","N1501P"
"DL","N965DN"
"DL","N696DL"
"DL","N990DL"
"DL","N834DN"
"DL","N956DL"
"DL","N961DN"
"DL","N850DN"
"DL","N357NW"
"DL","N912DL"
"DL","N955DL"
"DL","N910DE"
"DL","N833DN"
"DL","N975AT"
"DL","N330NB"
"DL","N980AT"
"DL","N900DE"
"DL","N972DL"
"DL","N919AT"
"DL","N362NW"
"DL","N982AT"
"DL","N314NB"
"DL","N317DN"
"DL","N974DL"
"DL","N339NW"
"DL","N942DL"
"DL","N972AT"
"DL","N318US"
"DL","N388DA"
"DL","N947DL"
"DL","N361NB"
"DL","N334NB"
"DL","N988AT"
"DL","N668DN"
"DL","N948DL"
"DL","N938DL"
"DL","N6716C"
"DL","N3732J"
"DL","N918DH"
"DL","N961AT"
"DL","N313DN"
"DL","N943DL"
"DL","N3746H"
"DL","N316US"
"DL","N977DL"
"DL","N6704Z"
"DL","N858DZ"
"DL","N941DN"
"DL","N555NW"
"DL","N546US"
"DL","N802NW"
"DL","N829NW"
"DL","N909DA"
"DL","N917DE"
"DL","N902DE"
"DL","N3731T"
"DL","N6710E"
"DL","N394DA"
"DL","N362NB"
"DL","N593NW"
"DL","N856DN"
"DL","N869DN"
"DL","N3744F"
"DL","N331NW"
"DL","N323NB"
"DL","N387DA"
"DL","N933AT"
"DL","N382DA"
"DL","N371NW"
"DL","N365NW"
"DL","N817DN"
"DL","N373NW"
"DL","N361NW"
"DL","N820DX"
"DL","N952AT"
"DL","N3743H"
"DL","N944DL"
"DL","N950AT"
"DL","N343NW"
"DL","N824DN"
"DL","N308DN"
"DL","N904DA"
"DL","N377NW"
"DL","N837DN"
"DL","N902DA"
"DL","N939AT"
"DL","N872DN"
"DL","N953DN"
"DL","N946DL"
"DL","N975DL"
"DL","N304DN"
"DL","N318NB"
"DL","N938DN"
"DL","N310DN"
"DL","N806DN"
"DL","N842DN"
"DL","N896AT"
"DL","N342NW"
"DL","N987DN"
"DL","N922AT"
"DL","N349NB"
"DL","N998AT"
"DL","N920DE"
"DL","N962DL"
"DL","N811DZ"
"DL","N924AT"
"DL","N903DA"
"DL","N808DN"
"DL","N6707A"
"DL","N324US"
"DL","N336NW"
"DL","N627DL"
"DL","N899AT"
"DL","N339NB"
"DL","N933DL"
"DL","N3736C"
"DL","N988DL"
"DL","N847DN"
"DL","N6702"
"DL","N304DQ"
"DL","N954DN"
"DL","N588NW"
"DL","N365NB"
"DL","N913DL"
"DL","N937DN"
"DL","N918DL"
"DL","N945DL"
"DL","N920DN"
"DL","N351NB"
"DL","N329NW"
"DL","N1610D"
"DL","N310NW"
"DL","N864DN"
"DL","N986AT"
"DL","N352NB"
"DL","N943DN"
"DL","N907DL"
"DL","N982DL"
"DL","N374DA"
"DL","N307DX"
"DL","N934DL"
"DL","N949DL"
"DL","N992DL"
"DL","N941DL"
"DL","N932AT"
"DL","N958DL"
"DL","N301DN"
"DL","N327NB"
"DL","N324NB"
"DL","N854DN"
"DL","N965AT"
"DL","N595NW"
"DL","N697DL"
"DL","N918DE"
"DL","N976DL"
"DL","N950DL"
"DL","N351NW"
"DL","N685DA"
"DL","N823DN"
"DL","N309DN"
"DL","N969DL"
"DL","N302DQ"
"DL","N951DL"
"DL","N923AT"
"DL","N873DN"
"DL","N586NW"
"DL","N915DL"
"DL","N536US"
"DL","N916DE"
"DL","N694DL"
"DL","N993DL"
"DL","N347NW"
"DL","N981DL"
"DL","N673DL"
"DL","N347NB"
"DL","N927DN"
"DL","N956DN"
"DL","N913DE"
"DL","N3739P"
"DL","N306DQ"
"DL","N874DN"
"DL","N1402A"
"DL","N556NW"
"DL","N986DL"
"DL","N144DA"
"DL","N952DN"
"DL","N947DN"
"DL","N984DL"
"DL","N389DA"
"DL","N553NW"
"DL","N301DQ"
"DL","N830DN"
"DL","N679DA"
"DL","N969AT"
"DL","N907DE"
"DL","N302NB"
"DL","N6701"
"DL","N926DL"
"DL","N901DE"
"DL","N671DN"
"DL","N591NW"
"DL","N363NW"
"DL","N979AT"
"DL","N156DL"
"DL","N973DL"
"DL","N906DE"
"DL","N358NB"
"DL","N357NB"
"DL","N337NB"
"DL","N829DN"
"DL","N861DN"
"DL","N865DN"
"DL","N859DN"
"DL","N3763D"
"DL","N839DN"
"DL","N333NB"
"DL","N915DE"
"DL","N965DL"
"DL","N940DN"
"DL","N944DN"
"DL","N952DL"
"DL","N938AT"
"DL","N860DN"
"DL","N3766"
"DL","N328NW"
"DL","N999DN"
"DL","N906DA"
"DL","N915AT"
"DL","N933DN"
"DL","N991AT"
"DL","N912DN"
"DL","N340NW"
"DL","N989DL"
"DL","N968AT"
"DL","N825DN"
"DL","N816DN"
"DL","N545US"
"DL","N828DN"
"DL","N961DL"
"DL","N302DN"
"DL","N312DN"
"DL","N306DN"
"DL","N3735D"
"DL","N924DL"
"DL","N587NW"
"DL","N995AT"
"DL","N338NW"
"DL","N928DL"
"DL","N393DA"
"DL","N680DA"
"DL","N686DA"
"DL","N540US"
"DL","N542US"
"DL","N539US"
"DL","N914DL"
"DL","N927DA"
"DL","N855DN"
"DL","N987AT"
"DL","N871DN"
"DL","N908DE"
"DL","N970DL"
"DL","N971AT"
"DL","N836DN"
"DL","N911DA"
"DL","N908DL"
"DL","N967DL"
"DL","N815DN"
"DL","N949DN"
"DL","N635DL"
"DL","N3771K"
"DL","N705DN"
"DL","N920DL"
"DL","N693DL"
"DL","N937AT"
"DL","N317US"
"DL","N929DL"
"DL","N603AT"
"DL","N940DL"
"DL","N813DN"
"DL","N929AT"
"DL","N332NW"
"DL","N193DN"
"DL","N188DN"
"DL","N930DN"
"DL","N548US"
"DL","N681DA"
"DL","N843DN"
"DL","N959AT"
"DL","N959DL"
"DL","N323US"
"DL","N826DN"
"DL","N303DN"
"DL","N930DL"
"DL","N391DA"
"DL","N803DN"
"DL","N348NW"
"DL","N3765"
"DL","N932DL"
"DL","N950DN"
"DL","N925DL"
"DL","N67171"
"DL","N906DL"
"DL","N3749D"
"DL","N990AT"
"DL","N905DL"
"DL","N805DN"
"DL","N868DN"
"DL","N931DN"
"DL","N675DL"
"DL","N996DL"
"DL","N923DL"
"DL","N939DN"
"DL","N921AT"
"DL","N581NW"
"DL","N804DN"
"DL","N355NB"
"DL","N848DN"
"DL","N822DN"
"DL","N943AT"
"DL","N932DN"
"DL","N544US"
"DL","N314US"
"DL","N944AT"
"DL","N919DL"
"DL","N583NW"
"DL","N371DA"
"DL","N916DL"
"DL","N37700"
"DL","N971DL"
"DL","N535US"
"DL","N381DN"
"DL","N857DZ"
"DL","N3737C"
"DL","N962DN"
"DL","N386DA"
"DL","N360NW"
"DL","N333NW"
"DL","N904DE"
"DL","N906AT"
"DL","N907DA"
"DL","N928AT"
"DL","N987DL"
"DL","N307DQ"
"DL","N315DN"
"DL","N823DX"
"DL","N919DN"
"DL","N835DN"
"DL","N549US"
"DL","N325NB"
"DL","N309US"
"DL","N957DN"
"DL","N376NW"
"DL","N341NW"
"DL","N314DN"
"DL","N963DN"
"DL","N3769L"
"DL","N852DN"
"DL","N369NW"
"DL","N922DX"
"DL","N905DA"
"DL","N711ZX"
"DL","N6705Y"
"DL","N325US"
"DL","N594NW"
"DL","N911DE"
"DL","N917DN"
"DL","N921DN"
"DL","N547US"
"DL","N334NW"
"DL","N699DL"
"DL","N927AT"
"DL","N589NW"
"DL","N695DL"
"DL","N550NW"
"DL","N939DL"
"DL","N698DL"
"DL","N921DL"
"DL","N374NW"
"DL","N958DN"
"DL","N584NW"
"DL","N893AT"
"DL","N3757D"
"DL","N908DA"
"DL","N849DN"
"DL","N910DL"
"DL","N537US"
"DL","N802DN"
"DL","N875DN"
"DL","N371NB"
"DL","N3772H"
"DL","N956AT"
"DL","N846DN"
"DL","N812DN"
"DL","N683DA"
"DL","N853DN"
"DL","N6706Q"
"DL","N140LL"
"DL","N960DN"
"DL","N326US"
"DL","N988DN"
"DL","N922DL"
"DL","N316DN"
"DL","N957AT"
"DL","N953AT"
"DL","N964DL"
"DL","N596NW"
"DL","N831DN"
"DL","N552NW"
"DL","N541US"
"DL","N710TW"
"DL","N983AT"
"DL","N326NB"
"DL","N981AT"
"DL","N951AT"
"DL","N942DN"
"DL","N840DN"
"DL","N934AT"
"DL","N6714Q"
"DL","N903DE"
"DL","N319US"
"DL","N936AT"
"DL","N368NB"
"DL","N978AT"
"DL","N827DN"
"DL","N6709"
"DL","N3755D"
"DL","N994AT"
"DL","N963AT"
"DL","N963DL"
"DL","N915DN"
"DL","N353NW"
"DL","N919DE"
"DL","N821DN"
"DL","N327NW"
"DL","N372DA"
"DL","N863DN"
"DL","N1603"
"DL","N894AT"
"DL","N311US"
"DL","N957DL"
"DL","N318DX"
"DL","N3759"
"DL","N947AT"
"DL","N384DA"
"DL","N935AT"
"DL","N964DN"
"DL","N3773D"
"DL","N543US"
"DL","N925AT"
"DL","N592NW"
"DL","N717TW"
"DL","N946AT"
"DL","N355NW"
"DL","N997AT"
"DL","N6715C"
"DL","N841DN"
"DL","N867DN"
"DL","N590NW"
"DL","N808NW"
"DL","N807DN"
"DL","N934DN"
"DL","N891AT"
"DL","N356NW"
"DL","N820DN"
"DL","N678DL"
"DL","N702DN"
"DL","N551NW"
"DL","N945DN"
"DL","N3767"
"DL","N692DL"
"DL","N380DA"
"DL","N818DA"
"DL","N708DN"
"DL","N870DN"
"DL","N190DN"
"DL","N173DZ"
"DL","N3730B"
"DL","N177DZ"
"DL","N399DA"
"DL","N844MH"
"DL","N189DN"
"DL","N807NW"
"DL","N706TW"
"DL","N376DA"
"DL","N198DN"
"DL","N712TW"
"DL","N721TW"
"DL","N688DL"
"DL","N332NB"
"DL","N935DL"
"DL","N6712B"
"DL","N942AT"
"DL","N585NW"
"DL","N330NW"
"DL","N935DN"
"DL","N923DN"
"DL","N633DL"
"DL","N369NB"
"DL","N395DN"
"DL","N3742C"
"DL","N308DE"
"DL","N349NW"
"DL","N345NB"
"DL","N331NB"
"DL","N940AT"
"DL","N320US"
"DL","N926AT"
"DL","N669DN"
"DL","N3738B"
"DL","N845DN"
"DL","N363NB"
"DL","N823NW"
"DL","N341NB"
"DL","N557NW"
"DL","N3748Y"
"DL","N367NW"
"DL","N319DN"
"DL","N994DL"
"DL","N660DL"
"DL","N378NW"
"DL","N316NB"
"DL","N901DA"
"DL","N1608"
"DL","N329NB"
"DL","N674DL"
"DL","N6708D"
"DL","N954DL"
"DL","N912DE"
"DL","N3751B"
"DL","N375DA"
"DL","N3768"
"DL","N966DL"
"DL","N322NB"
"DL","N985DL"
"DL","N995DL"
"DL","N838DN"
"DL","N998DL"
"DL","N960DL"
"DL","N862DN"
"DL","N181DN"
"DL","N152DL"
"DL","N916DN"
"DL","N3764D"
"DL","N3741S"
"DL","N955DN"
"DL","N978DL"
"DL","N322US"
"DL","N364NW"
"DL","N6700"
"DL","N305DQ"
"DL","N3754A"
"DL","N806NW"
"DL","N309DE"
"DL","N985AT"
"DL","N372NW"
"DL","N313US"
"DL","N3752"
"DL","N819DN"
"DL","N3758Y"
"DL","N375NC"
"DL","N398DA"
"DL","N689DL"
"DL","N1609"
"DL","N980DL"
"DL","N951DN"
"DL","N340NB"
"DL","N6703D"
"DL","N900PC"
"DL","N378DA"
"DL","N143DA"
"DL","N876DN"
"DL","N358NW"
"DL","N704DK"
"DL","N1201P"
"DL","N174DZ"
"DL","N827MH"
"DL","N813NW"
"DL","N196DN"
"DL","N397DA"
"DL","N343NB"
"DL","N370NW"
"DL","N385DN"
"DL","N825NW"
"DL","N350NA"
"DL","N707DN"
"DL","N1607B"
"DL","N336NB"
"DL","N3762Y"
"DL","N344NB"
"DL","N839MH"
"DL","N179DN"
"DL","N185DN"
"DL","N831MH"
"DL","N192DN"
"DL","N827NW"
"DL","N199DN"
"DL","N812NW"
"DL","N352NW"
"DL","N1613B"
"DL","N703DN"
"DL","N195DN"
"DL","N924DN"
"DL","N926DH"
"DL","N946DN"
"DL","N930AT"
"DL","N187DN"
"DL","N983DL"
"DL","N335NW"
"DL","N354NW"
"DL","N709DN"
"DL","N830MH"
"DL","N178DN"
"DL","N804NW"
"DL","N191DN"
"DL","N803NW"
"DL","N377DA"
"DL","N706DN"
"DL","N171DZ"
"DL","N16065"
"DL","N826NW"
"DL","N845MH"
"DL","N838MH"
"DL","N3750D"
"DL","N182DN"
"DL","N171DN"
"DL","N828MH"
"DL","N841MH"
"DL","N194DN"
"DL","N814NW"
"DL","N186DN"
"DL","N1200K"
"DL","N816NW"
"DL","N1605"
"DL","N837MH"
"DL","N809NW"
"DL","N1612T"
"DL","N1602"
"DL","N676DL"
"DL","N817NW"
"DL","N824NW"
"DL","N861DA"
"DL","N925DN"
"DL","N701DN"
"DL","N176DN"
"DL","N172DN"
"DL","N842MH"
"DL","N820NW"
"DL","N710DN"
"DL","N172DZ"
"DL","N155DL"
"DL","N828NW"
"DL","N169DZ"
"DL","N1604R"
"DL","N805NW"
"DL","N860NW"
"DL","N184DN"
"DL","N810NW"
"DL","N835MH"
"DL","N860DA"
"DL","N822NW"
"DL","N825MH"
"DL","N964AT"
"DL","N305DN"
"DL","N687DL"
"DL","N836MH"
"DL","N818NW"
"DL","N829MH"
"DL","N815NW"
"DL","N856NW"
"DL","N1611B"
"DL","N178DZ"
"DL","N832MH"
"DL","N175DN"
"DL","N867DA"
"DL","N865DA"
"DL","N176DZ"
"EV","N907EV"
"EV","N909EV"
"EV","N617QX"
"EV","N877AS"
"EV","N879AS"
"EV","N902EV"
"EV","N884AS"
"EV","N680AE"
"EV","N684JW"
"EV","N613QX"
"EV","N611QX"
"EV","N603QX"
"EV","N615QX"
"EV","N616QX"
"EV","N604QX"
"EV","N608QX"
"EV","N614QX"
"EV","N612QX"
"EV","N904EV"
"EV","N906EV"
"EV","N672AE"
"EV","N676AE"
"EV","N667GB"
"EV","N876AS"
"EV","N675AE"
"EV","N678AE"
"EV","N15912"
"EV","N11547"
"EV","N14916"
"EV","N13161"
"EV","N11548"
"EV","N14902"
"EV","N16919"
"EV","N13992"
"EV","N10575"
"EV","N12567"
"EV","N17185"
"EV","N14542"
"EV","N26549"
"EV","N17115"
"EV","N15555"
"EV","N14904"
"EV","N12921"
"EV","N13550"
"EV","N12135"
"EV","N13553"
"EV","N11544"
"EV","N13538"
"EV","N16987"
"EV","N21537"
"EV","N12900"
"EV","N14573"
"EV","N16571"
"EV","N16981"
"EV","N15910"
"EV","N16911"
"EV","N16546"
"EV","N14920"
"EV","N25134"
"EV","N21197"
"EV","N14162"
"EV","N15986"
"EV","N15983"
"EV","N13975"
"EV","N12569"
"EV","N16561"
"EV","N16918"
"EV","N12157"
"EV","N13978"
"EV","N12922"
"EV","N12166"
"EV","N12563"
"EV","N13566"
"EV","N12564"
"EV","N18557"
"EV","N13989"
"EV","N19554"
"EV","N14977"
"EV","N14991"
"EV","N36915"
"EV","N13908"
"EV","N16149"
"EV","N13118"
"EV","N11192"
"EV","N27190"
"EV","N14180"
"EV","N14173"
"EV","N17159"
"EV","N14168"
"EV","N17196"
"EV","N16170"
"EV","N11189"
"EV","N12163"
"EV","N12160"
"EV","N16178"
"EV","N12540"
"EV","N11536"
"EV","N11535"
"EV","N13913"
"EV","N26545"
"EV","N14188"
"EV","N14543"
"EV","N18556"
"EV","N17560"
"EV","N12201"
"EV","N22909"
"EV","N16559"
"EV","N16541"
"EV","N14570"
"EV","N14568"
"EV","N15572"
"EV","N29906"
"EV","N29917"
"EV","N11551"
"EV","N14907"
"EV","N14562"
"EV","N12552"
"EV","N13988"
"EV","N12172"
"EV","N14174"
"EV","N24103"
"EV","N12167"
"EV","N14158"
"EV","N15574"
"EV","N48901"
"EV","N14105"
"EV","N14558"
"EV","N34110"
"EV","N13914"
"EV","N11539"
"EV","N23139"
"EV","N14993"
"EV","N13903"
"EV","N16976"
"EV","N11526"
"EV","N11107"
"EV","N12530"
"EV","N28529"
"EV","N12195"
"EV","N14148"
"EV","N11109"
"EV","N15980"
"EV","N27200"
"EV","N11184"
"EV","N11165"
"EV","N12175"
"EV","N11164"
"EV","N14203"
"EV","N27152"
"EV","N13979"
"EV","N11565"
"EV","N15527"
"EV","N17984"
"EV","N12528"
"EV","N761ND"
"EV","N232PQ"
"EV","N166PQ"
"EV","N200PQ"
"EV","N695CA"
"EV","N754EV"
"EV","N195PQ"
"EV","N228PQ"
"EV","N147PQ"
"EV","N582CA"
"EV","N146PQ"
"EV","N755EV"
"EV","N135EV"
"EV","N691CA"
"EV","N176PQ"
"EV","N753EV"
"EV","N197PQ"
"EV","N709EV"
"EV","N707EV"
"EV","N724EV"
"EV","N883AS"
"EV","N926EV"
"EV","N919EV"
"EV","N854AS"
"EV","N870AS"
"EV","N855AS"
"EV","N925EV"
"EV","N936EV"
"EV","N871AS"
"EV","N931EV"
"EV","N922EV"
"EV","N858AS"
"EV","N867AS"
"EV","N920EV"
"EV","N133EV"
"EV","N712EV"
"EV","N138EV"
"EV","N759EV"
"EV","N716EV"
"EV","N730EV"
"EV","N719EV"
"EV","N873AS"
"EV","N132EV"
"EV","N678CA"
"EV","N137EV"
"EV","N134EV"
"EV","N136EV"
"EV","N607LR"
"EV","N538CA"
"EV","N131EV"
"EV","N676CA"
"EV","N153PQ"
"EV","N720EV"
"EV","N606LR"
"EV","N933EV"
"EV","N914EV"
"EV","N859AS"
"EV","N979EV"
"EV","N937EV"
"EV","N861AS"
"EV","N856AS"
"EV","N860AS"
"EV","N921EV"
"EV","N717EV"
"EV","N744EV"
"EV","N718EV"
"EV","N760EV"
"EV","N600QX"
"EV","N752EV"
"EV","N723EV"
"EV","N748EV"
"EV","N751EV"
"EV","N708EV"
"EV","N391CA"
"EV","N181PQ"
"EV","N186PQ"
"EV","N741EV"
"EV","N758EV"
"EV","N738EV"
"EV","N398CA"
"EV","N371CA"
"EV","N722EV"
"EV","N713EV"
"EV","N710EV"
"EV","N917EV"
"EV","N750EV"
"EV","N857AS"
"EV","N881AS"
"EV","N878AS"
"F9","N201FR"
"F9","N205FR"
"F9","N206FR"
"F9","N207FR"
"F9","N210FR"
"F9","N211FR"
"F9","N214FR"
"F9","N216FR"
"F9","N218FR"
"F9","N219FR"
"F9","N220FR"
"F9","N221FR"
"F9","N223FR"
"F9","N227FR"
"F9","N228FR"
"F9","N230FR"
"F9","N232FR"
"F9","N233FR"
"F9","N235FR"
"F9","N236FR"
"F9","N238FR"
"F9","N301FR"
"F9","N303FR"
"F9","N304FR"
"F9","N305FR"
"F9","N307FR"
"F9","N701FR"
"F9","N702FR"
"F9","N704FR"
"F9","N705FR"
"F9","N706FR"
"F9","N708FR"
"F9","N709FR"
"F9","N710FR"
"F9","N711FR"
"F9","N712FR"
"F9","N713FR"
"F9","N714FR"
"F9","N715FR"
"F9","N716FR"
"F9","N717FR"
"F9","N718FR"
"F9","N910FR"
"F9","N919FR"
"F9","N920FR"
"F9","N922FR"
"F9","N923FR"
"F9","N926FR"
"F9","N938FR"
"F9","N939FR"
"F9","N941FR"
"F9","N943FR"
"F9","N947FR"
"F9","N948FR"
"F9","N949FR"
"F9","N951FR"
"F9","N952FR"
"F9","N953FR"
"F9","N203FR"
"F9","N213FR"
"F9","N229FR"
"F9","N927FR"
"F9",""
"F9","N902FR"
"F9","N308FR"
"F9","N202FR"
"F9","N309FR"
"HA","N388HA"
"HA","N381HA"
"HA","N399HA"
"HA","N389HA"
"HA","N378HA"
"HA","N370HA"
"HA","N374HA"
"HA","N382HA"
"HA","N391HA"
"HA","N390HA"
"HA","N380HA"
"HA","N373HA"
"HA","N396HA"
"HA","N384HA"
"HA","N379HA"
"HA","N386HA"
"HA","N395HA"
"HA","N360HA"
"HA","N392HA"
"HA","N385HA"
"HA","N383HA"
"HA","N375HA"
"HA","N588HA"
"HA","N393HA"
"HA","N580HA"
"HA","N590HA"
"HA","N581HA"
"HA","N583HA"
"HA","N592HA"
"HA","N594HA"
"HA","N582HA"
"HA","N480HA"
"HA","N475HA"
"HA","N486HA"
"HA","N494HA"
"HA","N490HA"
"HA","N491HA"
"HA","N477HA"
"HA","N478HA"
"HA","N493HA"
"HA","N481HA"
"HA","N489HA"
"HA","N487HA"
"HA","N484HA"
"HA","N488HA"
"HA","N476HA"
"HA","N485HA"
"HA","N483HA"
"HA","N495HA"
"HA","N492HA"
"HA",""
"NK","N663NK"
"NK","N612NK"
"NK","N667NK"
"NK","N646NK"
"NK","N634NK"
"NK","N611NK"
"NK","N633NK"
"NK","N614NK"
"NK","N619NK"
"NK","N621NK"
"NK","N626NK"
"NK","N632NK"
"NK","N628NK"
"NK","N640NK"
"NK","N603NK"
"NK","N616NK"
"NK","N618NK"
"NK","N606NK"
"NK","N605NK"
"NK","N622NK"
"NK","N638NK"
"NK","N629NK"
"NK","N902NK"
"NK","N608NK"
"NK","N631NK"
"NK","N505NK"
"NK","N530NK"
"NK","N509NK"
"NK","N502NK"
"NK","N523NK"
"NK","N514NK"
"NK","N510NK"
"NK","N528NK"
"NK","N507NK"
"NK","N515NK"
"NK","N522NK"
"NK","N519NK"
"NK","N524NK"
"NK","N516NK"
"NK","N521NK"
"NK","N533NK"
"NK","N531NK"
"NK","N503NK"
"NK","N504NK"
"NK","N532NK"
"NK","N517NK"
"NK","N512NK"
"NK","N526NK"
"NK","N525NK"
"NK","N529NK"
"NK","N506NK"
"NK","N534NK"
"NK","N645NK"
"NK","N641NK"
"NK","N615NK"
"NK","N625NK"
"NK","N527NK"
"NK","N508NK"
"NK","N624NK"
"NK","N642NK"
"NK","N604NK"
"NK","N637NK"
"NK","N607NK"
"NK","N639NK"
"NK","N903NK"
"NK","N644NK"
"NK","N627NK"
"NK","N904NK"
"NK","N609NK"
"NK","N617NK"
"NK","N613NK"
"NK","N630NK"
"NK","N601NK"
"NK","N643NK"
"NK","N664NK"
"NK","N620NK"
"NK","N669NK"
"NK","N659NK"
"NK","N665NK"
"NK","N674NK"
"NK","N670NK"
"NK","N636NK"
"NK","N635NK"
"NK","N623NK"
"NK","N660NK"
"NK","N672NK"
"NK","N588NK"
"NK","N658NK"
"NK","N668NK"
"NK","N661NK"
"NK","N673NK"
"NK","N671NK"
"NK","N657NK"
"NK","N662NK"
"NK","N602NK"
"NK","N647NK"
"NK","N648NK"
"NK","N587NK"
"NK","N101NK"
"OO","N435SW"
"OO","N930EV"
"OO","N874AS"
"OO","N719SK"
"OO","N701SK"
"OO","N724SK"
"OO","N755SK"
"OO","N417SW"
"OO","N866AS"
"OO","N862AS"
"OO","N903EV"
"OO","N708SK"
"OO","N864AS"
"OO","N758SK"
"OO","N706SK"
"OO","N753SK"
"OO","N776SK"
"OO","N869AS"
"OO","N466SW"
"OO","N702SK"
"OO","N477CA"
"OO","N951SW"
"OO","N727SK"
"OO","N699BR"
"OO","N705SK"
"OO","N464SW"
"OO","N863AS"
"OO","N905EV"
"OO","N947SW"
"OO","N709BR"
"OO","N955SW"
"OO","N880AS"
"OO","N756SK"
"OO","N465SW"
"OO","N715SK"
"OO","N710SK"
"OO","N778SK"
"OO","N730SK"
"OO","N716SK"
"OO","N728SK"
"OO","N718SK"
"OO","N703SK"
"OO","N712SK"
"OO","N740SK"
"OO","N738SK"
"OO","N707SK"
"OO","N713SK"
"OO","N709SK"
"OO","N652BR"
"OO","N182SY"
"OO","N217AG"
"OO","N173SY"
"OO","N188SY"
"OO","N186SY"
"OO","N184SY"
"OO","N178SY"
"OO","N191SY"
"OO","N174SY"
"OO","N181SY"
"OO","N170SY"
"OO","N177SY"
"OO","N187SY"
"OO","N185SY"
"OO","N171SY"
"OO","N176SY"
"OO","N183SY"
"OO","N189SY"
"OO","N179SY"
"OO","N445SW"
"OO","N452SW"
"OO","N608SK"
"OO","N773SK"
"OO","N255SY"
"OO","N679CA"
"OO","N8828D"
"OO","N454SW"
"OO","N936SW"
"OO","N601XJ"
"OO","N816SK"
"OO","N437SW"
"OO","N549CA"
"OO","N438SW"
"OO","N170PQ"
"OO","N820SK"
"OO","N693CA"
"OO","N8942A"
"OO","N613SK"
"OO","N913EV"
"OO","N899SK"
"OO","N240SY"
"OO","N609SK"
"OO","N685BR"
"OO","N821SK"
"OO","N427SW"
"OO","N252SY"
"OO","N242SY"
"OO","N944SW"
"OO","N817SK"
"OO","N506CA"
"OO","N548CA"
"OO","N459SW"
"OO","N246SY"
"OO","N439SW"
"OO","N455SW"
"OO","N809CA"
"OO","N659BR"
"OO","N241SY"
"OO","N442SW"
"OO","N8884E"
"OO","N910EV"
"OO","N461SW"
"OO","N625CA"
"OO","N251SY"
"OO","N418SW"
"OO","N429SW"
"OO","N440SW"
"OO","N702BR"
"OO","N243SY"
"OO","N806SK"
"OO","N432SW"
"OO","N447SW"
"OO","N771SK"
"OO","N766SK"
"OO","N805SK"
"OO","N813SK"
"OO","N767SK"
"OO","N800SK"
"OO","N809SK"
"OO","N907SW"
"OO","N770SK"
"OO","N825SK"
"OO","N254SY"
"OO","N822SK"
"OO","N187PQ"
"OO","N814SK"
"OO","N689CA"
"OO","N441SW"
"OO","N496CA"
"OO","N631SK"
"OO","N875AS"
"OO","N812SK"
"OO","N898SK"
"OO","N807SK"
"OO","N468CA"
"OO","N455CA"
"OO","N693BR"
"OO","N430SW"
"OO","N641CA"
"OO","N772SK"
"OO","N692CA"
"OO","N762SK"
"OO","N487CA"
"OO","N912EV"
"OO","N244SY"
"OO","N8965E"
"OO","N632SK"
"OO","N460SW"
"OO","N804SK"
"OO","N8968E"
"OO","N443SW"
"OO","N457SW"
"OO","N803SK"
"OO","N614SK"
"OO","N446SW"
"OO","N781CA"
"OO","N607SK"
"OO","N453SW"
"OO","N768SK"
"OO","N629BR"
"OO","N783CA"
"OO","N554CA"
"OO","N611SK"
"OO","N603SK"
"OO","N162PQ"
"OO","N253SY"
"OO","N602XJ"
"OO","N868CA"
"OO","N630SK"
"OO","N810SK"
"OO","N915EV"
"OO","N823SK"
"OO","N774SK"
"OO","N8932C"
"OO","N763SK"
"OO","N802SK"
"OO","N675BR"
"OO","N779CA"
"OO","N889AS"
"OO","N494CA"
"OO","N433SW"
"OO","N498CA"
"OO","N896SK"
"OO","N903SW"
"OO","N957SW"
"OO","N979SW"
"OO","N909SW"
"OO","N971SW"
"OO","N479CA"
"OO","N925SW"
"OO","N980SW"
"OO","N926SW"
"OO","N927SW"
"OO","N962SW"
"OO","N959SW"
"OO","N973SW"
"OO","N932SW"
"OO","N960SW"
"OO","N939SW"
"OO","N593ML"
"OO","N910SW"
"OO","N982SW"
"OO","N948SW"
"OO","N920SW"
"OO","N472CA"
"OO","N915SW"
"OO","N969SW"
"OO","N934SW"
"OO","N928SW"
"OO","N970SW"
"OO","N908SW"
"OO","N924SW"
"OO","N471CA"
"OO","N937SW"
"OO","N912SW"
"OO","N978SW"
"OO","N929SW"
"OO","N917SW"
"OO","N930SW"
"OO","N701BR"
"OO","N946SW"
"OO","N932EV"
"OO","N983SW"
"OO","N986SW"
"OO","N905SW"
"OO","N952SW"
"OO","N204SY"
"OO","N754SK"
"OO","N726SK"
"OO","N975SW"
"OO","N796SK"
"OO","N130SY"
"OO","N110SY"
"OO","N133SY"
"OO","N791SK"
"OO","N743SK"
"OO","N205SY"
"OO","N122SY"
"OO","N162SY"
"OO","N964SW"
"OO","N916SW"
"OO","N787SK"
"OO","N745SK"
"OO","N938SW"
"OO","N202SY"
"OO","N134SY"
"OO","N206SY"
"OO","N142SY"
"OO","N788SK"
"OO","N789SK"
"OO","N742SK"
"OO","N121SY"
"OO","N146SY"
"OO","N943SW"
"OO","N797SK"
"OO","N965SW"
"OO","N107SY"
"OO","N913SW"
"OO","N143SY"
"OO","N919SW"
"OO","N127SY"
"OO","N125SY"
"OO","N203SY"
"OO","N783SK"
"OO","N790SK"
"OO","N124SY"
"OO","N786SK"
"OO","N140SY"
"OO","N744SK"
"OO","N967SW"
"OO","N958SW"
"OO","N132SY"
"OO","N106SY"
"OO","N151SY"
"OO","N785SK"
"OO","N148SY"
"OO","N149SY"
"OO","N161SY"
"OO","N118SY"
"OO","N918SW"
"OO","N167SY"
"OO","N157SY"
"OO","N750SK"
"OO","N923SW"
"OO","N794SK"
"OO","N792SK"
"OO","N164SY"
"OO","N945SW"
"OO","N782SK"
"OO","N150SY"
"OO","N128SY"
"OO","N141SY"
"OO","N166SY"
"OO","N165SY"
"OO","N793SK"
"OO","N748SK"
"OO","N154SY"
"OO","N153SY"
"OO","N145SY"
"OO","N163SY"
"OO","N751SK"
"OO","N109SY"
"OO","N679SA"
"OO","N779SK"
"OO","N120SY"
"OO","N200SY"
"OO","N119SY"
"OO","N138SY"
"OO","N114SY"
"OO","N139SY"
"OO","N963SW"
"OO","N168SY"
"OO","N795SK"
"OO","N144SY"
"OO","N135SY"
"OO","N746SK"
"OO","N103SY"
"OO","N113SY"
"OO","N784SK"
"OO","N160SY"
"OO","N131SY"
"OO","N941SW"
"OO","N152SY"
"OO","N108SY"
"OO","N954SW"
"OO","N116SY"
"OO","N105SY"
"OO","N136SY"
"OO","N8933B"
"OO","N449SW"
"OO","N463SW"
"OO","N431SW"
"OO","N906SW"
"OO","N448SW"
"OO","N492SW"
"OO","N901EV"
"OO","N192SY"
"OO","N161PQ"
"OO","N606SK"
"OO","N815SK"
"OO","N886AS"
"OO","N935SW"
"OO","N8923A"
"OO","N8982A"
"OO","N752SK"
"OO","N247SY"
"OO","N956SW"
"OO","N117SY"
"OO","N928EV"
"OO","N760SK"
"OO","N250SY"
"OO","N897SK"
"OO","N976SW"
"OO","N426SW"
"OO","N929EV"
"OO","N780SK"
"OO","N961SW"
"OO","N916EV"
"OO","N908EV"
"OO","N732SK"
"OO","N175SY"
"OO","N604SK"
"OO","N824SK"
"OO","N633SK"
"OO","N765SK"
"OO",""
"OO","N156SY"
"OO","N594SW"
"OO","N764SK"
"OO","N885AS"
"OO","N223AG"
"OO","N208SY"
"UA","N15710"
"UA","N66837"
"UA","N13718"
"UA","N648UA"
"UA","N13750"
"UA","N17752"
"UA","N462UA"
"UA","N66057"
"UA","N414UA"
"UA","N465UA"
"UA","N428UA"
"UA","N407UA"
"UA","N824UA"
"UA","N76254"
"UA","N841UA"
"UA","N77537"
"UA","N454UA"
"UA","N76526"
"UA","N489UA"
"UA","N27901"
"UA","N81449"
"UA","N34455"
"UA","N587UA"
"UA","N63890"
"UA","N39418"
"UA","N36207"
"UA","N453UA"
"UA","N33286"
"UA","N471UA"
"UA","N67815"
"UA","N77538"
"UA","N442UA"
"UA","N27239"
"UA","N464UA"
"UA","N31412"
"UA","N76504"
"UA","N34131"
"UA","N87527"
"UA","N215UA"
"UA","N775UA"
"UA","N435UA"
"UA","N57857"
"UA","N75429"
"UA","N440UA"
"UA","N66814"
"UA","N210UA"
"UA","N458UA"
"UA","N37470"
"UA","N33284"
"UA","N67827"
"UA","N590UA"
"UA","N481UA"
"UA","N512UA"
"UA","N78285"
"UA","N478UA"
"UA","N61881"
"UA","N776UA"
"UA","N212UA"
"UA","N75436"
"UA","N455UA"
"UA","N37462"
"UA","N61898"
"UA","N69830"
"UA","N490UA"
"UA","N29968"
"UA","N34222"
"UA","N68453"
"UA","N18223"
"UA","N814UA"
"UA","N17719"
"UA","N68452"
"UA","N13248"
"UA","N14230"
"UA","N77431"
"UA","N598UA"
"UA","N57862"
"UA","N41140"
"UA","N69839"
"UA","N78524"
"UA","N439UA"
"UA","N66831"
"UA","N835UA"
"UA","N466UA"
"UA","N889UA"
"UA","N75858"
"UA","N12218"
"UA","N433UA"
"UA","N37474"
"UA","N26232"
"UA","N38458"
"UA","N463UA"
"UA","N69888"
"UA","N17229"
"UA","N812UA"
"UA","N37267"
"UA","N444UA"
"UA","N69806"
"UA","N430UA"
"UA","N34460"
"UA","N63820"
"UA","N802UA"
"UA","N827UA"
"UA","N36469"
"UA","N68842"
"UA","N68836"
"UA","N14240"
"UA","N24729"
"UA","N75854"
"UA","N449UA"
"UA","N79521"
"UA","N451UA"
"UA","N769UA"
"UA","N847UA"
"UA","N24736"
"UA","N69833"
"UA","N17105"
"UA","N73259"
"UA","N469UA"
"UA","N38417"
"UA","N842UA"
"UA","N77510"
"UA","N472UA"
"UA","N66825"
"UA","N803UA"
"UA","N891UA"
"UA","N33292"
"UA","N57869"
"UA","N66808"
"UA","N809UA"
"UA","N830UA"
"UA","N779UA"
"UA","N56859"
"UA","N853UA"
"UA","N73276"
"UA","N13720"
"UA","N819UA"
"UA","N424UA"
"UA","N62892"
"UA","N497UA"
"UA","N825UA"
"UA","N57868"
"UA","N37434"
"UA","N2135U"
"UA","N773UA"
"UA","N38479"
"UA","N27246"
"UA","N34137"
"UA","N76516"
"UA","N37273"
"UA","N77518"
"UA","N39423"
"UA","N77520"
"UA","N38403"
"UA","N14107"
"UA","N62889"
"UA","N73291"
"UA","N68801"
"UA","N77258"
"UA","N78511"
"UA","N206UA"
"UA","N77536"
"UA","N496UA"
"UA","N25705"
"UA","N37464"
"UA","N415UA"
"UA","N68834"
"UA","N402UA"
"UA","N37263"
"UA","N494UA"
"UA","N401UA"
"UA","N846UA"
"UA","N68822"
"UA","N69810"
"UA","N76532"
"UA","N62896"
"UA","N23707"
"UA","N38446"
"UA","N68811"
"UA","N479UA"
"UA","N37253"
"UA","N17126"
"UA","N452UA"
"UA","N37468"
"UA","N491UA"
"UA","N837UA"
"UA","N588UA"
"UA","N811UA"
"UA","N68817"
"UA","N405UA"
"UA","N24202"
"UA","N446UA"
"UA","N73270"
"UA","N33103"
"UA","N77535"
"UA","N652UA"
"UA","N69847"
"UA","N674UA"
"UA","N487UA"
"UA","N37419"
"UA","N69835"
"UA","N61887"
"UA","N403UA"
"UA","N37274"
"UA","N418UA"
"UA","N476UA"
"UA","N68843"
"UA","N29907"
"UA","N854UA"
"UA","N14219"
"UA","N76503"
"UA","N795UA"
"UA","N61882"
"UA","N427UA"
"UA","N37422"
"UA","N596UA"
"UA","N26123"
"UA","N477UA"
"UA","N74856"
"UA","N829UA"
"UA","N413UA"
"UA","N14115"
"UA","N14731"
"UA","N12754"
"UA","N447UA"
"UA","N14250"
"UA","N45440"
"UA","N14214"
"UA","N422UA"
"UA","N227UA"
"UA","N467UA"
"UA","N57855"
"UA","N432UA"
"UA","N589UA"
"UA","N78509"
"UA","N840UA"
"UA","N68891"
"UA","N77525"
"UA","N37456"
"UA","N437UA"
"UA","N36280"
"UA","N844UA"
"UA","N28478"
"UA","N14249"
"UA","N75432"
"UA","N459UA"
"UA","N11206"
"UA","N73278"
"UA","N850UA"
"UA","N26208"
"UA","N420UA"
"UA","N826UA"
"UA","N68823"
"UA","N495UA"
"UA","N39416"
"UA","N76517"
"UA","N38443"
"UA","N37409"
"UA","N76269"
"UA","N73406"
"UA","N78438"
"UA","N34282"
"UA","N53442"
"UA","N38473"
"UA","N429UA"
"UA","N431UA"
"UA","N87507"
"UA","N28457"
"UA","N474UA"
"UA","N890UA"
"UA","N65832"
"UA","N828UA"
"UA","N76515"
"UA","N892UA"
"UA","N37290"
"UA","N57111"
"UA","N69838"
"UA","N53441"
"UA","N75433"
"UA","N39463"
"UA","N38454"
"UA","N37277"
"UA","N16217"
"UA","N36444"
"UA","N30401"
"UA","N483UA"
"UA","N76502"
"UA","N75861"
"UA","N37466"
"UA","N777UA"
"UA","N59034"
"UA","N38424"
"UA","N804UA"
"UA","N823UA"
"UA","N818UA"
"UA","N27722"
"UA","N33209"
"UA","N39415"
"UA","N438UA"
"UA","N441UA"
"UA","N37420"
"UA","N79279"
"UA","N62884"
"UA","N76288"
"UA","N37252"
"UA","N663UA"
"UA","N810UA"
"UA","N77430"
"UA","N73256"
"UA","N832UA"
"UA","N36247"
"UA","N48127"
"UA","N505UA"
"UA","N25201"
"UA","N66897"
"UA","N77871"
"UA","N62883"
"UA","N12216"
"UA","N831UA"
"UA","N64809"
"UA","N486UA"
"UA","N470UA"
"UA","N412UA"
"UA","N498UA"
"UA","N851UA"
"UA","N69804"
"UA","N87512"
"UA","N806UA"
"UA","N419UA"
"UA","N460UA"
"UA","N76265"
"UA","N33289"
"UA","N780UA"
"UA","N816UA"
"UA","N445UA"
"UA","N72405"
"UA","N69840"
"UA","N14231"
"UA","N434UA"
"UA","N57870"
"UA","N672UA"
"UA","N57863"
"UA","N27477"
"UA","N518UA"
"UA","N77530"
"UA","N17244"
"UA","N845UA"
"UA","N75426"
"UA","N57864"
"UA","N76523"
"UA","N19117"
"UA","N838UA"
"UA","N87531"
"UA","N12116"
"UA","N12238"
"UA","N14235"
"UA","N26215"
"UA","N848UA"
"UA","N54241"
"UA","N39728"
"UA","N76533"
"UA","N73283"
"UA","N492UA"
"UA","N26226"
"UA","N75425"
"UA","N597UA"
"UA","N475UA"
"UA","N66893"
"UA","N833UA"
"UA","N68802"
"UA","N771UA"
"UA","N38459"
"UA","N87513"
"UA","N473UA"
"UA","N12114"
"UA","N457UA"
"UA","N37471"
"UA","N35236"
"UA","N834UA"
"UA","N849UA"
"UA","N33714"
"UA","N406UA"
"UA","N38467"
"UA","N36447"
"UA","N76062"
"UA","N768UA"
"UA","N24706"
"UA","N595UA"
"UA","N485UA"
"UA","N29717"
"UA","N67812"
"UA","N68807"
"UA","N805UA"
"UA","N19141"
"UA","N37437"
"UA","N78506"
"UA","N63899"
"UA","N76505"
"UA","N37408"
"UA","N69819"
"UA","N79402"
"UA","N69885"
"UA","N16701"
"UA","N66803"
"UA","N785UA"
"UA","N14228"
"UA","N57439"
"UA","N27734"
"UA","N67846"
"UA","N510UA"
"UA","N778UA"
"UA","N468UA"
"UA","N813UA"
"UA","N426UA"
"UA","N23708"
"UA","N37427"
"UA","N76528"
"UA","N651UA"
"UA","N14237"
"UA","N16713"
"UA","N75410"
"UA","N69816"
"UA","N33266"
"UA","N24715"
"UA","N12109"
"UA","N411UA"
"UA","N76519"
"UA","N416UA"
"UA","N16732"
"UA","N27733"
"UA","N37255"
"UA","N26909"
"UA","N16709"
"UA","N75428"
"UA","N38451"
"UA","N13716"
"UA","N66841"
"UA","N62849"
"UA","N568UA"
"UA","N47414"
"UA","N17122"
"UA","N774UA"
"UA","N27724"
"UA","N29124"
"UA","N68880"
"UA","N17233"
"UA","N66848"
"UA","N820UA"
"UA","N448UA"
"UA","N19130"
"UA","N484UA"
"UA","N76508"
"UA","N815UA"
"UA","N423UA"
"UA","N29129"
"UA","N488UA"
"UA","N493UA"
"UA","N17128"
"UA","N39475"
"UA","N17753"
"UA","N19136"
"UA","N73275"
"UA","N77261"
"UA","N408UA"
"UA","N69813"
"UA","N839UA"
"UA","N436UA"
"UA","N17133"
"UA","N855UA"
"UA","N480UA"
"UA","N12125"
"UA","N36472"
"UA","N843UA"
"UA","N33264"
"UA","N75853"
"UA","N35260"
"UA","N39461"
"UA","N16234"
"UA","N404UA"
"UA","N17245"
"UA","N76529"
"UA","N18243"
"UA","N76522"
"UA","N71411"
"UA","N14118"
"UA","N36272"
"UA","N35204"
"UA","N12221"
"UA","N58101"
"UA",""
"UA","N69818"
"UA","N27213"
"UA","N27205"
"UA","N12225"
"UA","N68821"
"UA","N66828"
"UA","N417UA"
"UA","N69826"
"UA","N2332U"
"UA","N14735"
"UA","N69063"
"UA","N836UA"
"UA","N24702"
"UA","N852UA"
"UA","N35407"
"UA","N73251"
"UA","N24212"
"UA","N69824"
"UA","N14102"
"UA","N61886"
"UA","N502UA"
"UA","N18220"
"UA","N78866"
"UA","N57852"
"UA","N20904"
"UA","N62895"
"UA","N23721"
"UA","N670UA"
"UA","N45905"
"UA","N35271"
"UA","N36476"
"UA","N14242"
"UA","N75435"
"UA","N69829"
"UA","N14106"
"UA","N461UA"
"UA","N33132"
"UA","N76064"
"UA","N78501"
"UA","N657UA"
"UA","N644UA"
"UA","N37287"
"UA","N220UA"
"UA","N77865"
"UA","N38268"
"UA","N211UA"
"UA","N68805"
"UA","N64844"
"UA","N14120"
"UA","N17104"
"UA","N26906"
"UA","N793UA"
"UA","N24224"
"UA","N646UA"
"UA","N41135"
"UA","N62894"
"UA","N75851"
"UA","N13227"
"UA","N13110"
"UA","N32404"
"UA","N2331U"
"UA","N443UA"
"UA","N24211"
"UA","N642UA"
"UA","N17730"
"UA","N27421"
"UA","N675UA"
"UA","N68061"
"UA","N39450"
"UA","N15969"
"UA","N37281"
"UA","N67845"
"UA","N209UA"
"UA","N817UA"
"UA","N38257"
"UA","N669UA"
"UA","N37465"
"UA","N653UA"
"UA","N66051"
"UA","N792UA"
"UA","N656UA"
"UA","N2333U"
"UA","N15751"
"UA","N59053"
"UA","N14121"
"UA","N781UA"
"UA","N807UA"
"UA","N73860"
"UA","N808UA"
"UA","N649UA"
"UA","N797UA"
"UA","N666UA"
"UA","N661UA"
"UA","N17139"
"UA","N86534"
"UA","N76065"
"UA","N30913"
"UA","N27903"
"UA","N783UA"
"UA","N33203"
"UA","N26910"
"UA","N224UA"
"UA","N78060"
"UA","N801UA"
"UA","N14704"
"UA","N67134"
"UA","N421UA"
"UA","N658UA"
"UA","N33262"
"UA","N78448"
"UA","N27908"
"UA","N791UA"
"UA","N76055"
"UA","N456UA"
"UA","N664UA"
"UA","N482UA"
"UA","N26902"
"UA","N659UA"
"UA","N76514"
"UA","N21108"
"UA","N673UA"
"UA","N73445"
"UA","N216UA"
"UA","N772UA"
"UA","N643UA"
"UA","N665UA"
"UA","N67058"
"UA","N228UA"
"UA","N662UA"
"UA","N76054"
"UA","N425UA"
"UA","N204UA"
"UA","N667UA"
"UA","N655UA"
"UA","N26966"
"UA","N38950"
"UA","N18112"
"UA","N77066"
"UA","N66056"
"UA","N668UA"
"UA","N654UA"
"UA","N676UA"
"UA","N229UA"
"UA","N786UA"
"UA","N226UA"
"UA","N225UA"
"UA","N796UA"
"UA","N794UA"
"UA","N409UA"
"UA","N27965"
"UA","N18119"
"UA","N660UA"
"UA","N677UA"
"UA","N77867"
"UA","N16703"
"UA","N223UA"
"UA","N27958"
"UA","N37413"
"UA","N546UA"
"UA","N26960"
"UA","N27015"
"UA","N78013"
"UA","N221UA"
"UA","N798UA"
"UA","N218UA"
"UA","N799UA"
"UA","N787UA"
"UA","N821UA"
"UA","N27964"
"UA","N119UA"
"UA","N214UA"
"UA","N28912"
"UA","N78004"
"UA","N671UA"
"UA","N67052"
"VX","N363VA"
"VX","N845VA"
"VX","N840VA"
"VX","N843VA"
"VX","N281VA"
"VX","N636VA"
"VX","N640VA"
"VX","N852VA"
"VX","N629VA"
"VX","N841VA"
"VX","N639VA"
"VX","N853VA"
"VX","N851VA"
"VX","N849VA"
"VX","N528VA"
"VX","N526VA"
"VX","N361VA"
"VX","N854VA"
"VX","N362VA"
"VX","N522VA"
"VX","N283VA"
"VX","N642VA"
"VX","N855VA"
"VX","N633VA"
"VX","N634VA"
"VX","N638VA"
"VX","N627VA"
"VX","N846VA"
"VX","N626VA"
"VX","N839VA"
"VX","N622VA"
"VX","N837VA"
"VX","N836VA"
"VX","N632VA"
"VX","N641VA"
"VX","N631VA"
"VX","N623VA"
"VX","N848VA"
"VX","N364VA"
"VX","N847VA"
"VX","N844VA"
"VX","N621VA"
"VX","N628VA"
"VX","N838VA"
"VX","N286VA"
"VX","N282VA"
"VX","N835VA"
"VX","N284VA"
"VX","N523VA"
"VX","N529VA"
"VX","N521VA"
"VX","N637VA"
"VX","N527VA"
"VX","N524VA"
"VX","N624VA"
"VX","N525VA"
"VX","N365VA"
"VX","N630VA"
"VX","N635VA"
"VX","N530VA"
"VX","N625VA"
"VX","N842VA"
"VX","N285VA"
"WN","N237WN"
"WN","N7837A"
"WN","N718SW"
"WN","N786SW"
"WN","N7820L"
"WN","N960WN"
"WN","N8509U"
"WN","N776WN"
"WN","N359SW"
"WN","N7879A"
"WN","N637SW"
"WN","N921WN"
"WN","N621SW"
"WN","N221WN"
"WN","N8602F"
"WN","N730SW"
"WN","N556WN"
"WN","N8648A"
"WN","N448WN"
"WN","N391SW"
"WN","N643SW"
"WN","N645SW"
"WN","N7714B"
"WN","N720WN"
"WN","N725SW"
"WN","N476WN"
"WN","N8663A"
"WN","N451WN"
"WN","N7840A"
"WN","N411WN"
"WN","N7880D"
"WN","N568WN"
"WN","N8607M"
"WN","N204WN"
"WN","N925WN"
"WN","N7825A"
"WN","N7844A"
"WN","N8662F"
"WN","N493WN"
"WN","N604SW"
"WN","N707SA"
"WN","N388SW"
"WN","N7884G"
"WN","N732SW"
"WN","N442WN"
"WN","N499WN"
"WN","N716SW"
"WN","N635SW"
"WN","N7847A"
"WN","N8696E"
"WN","N616SW"
"WN","N738CB"
"WN","N415WN"
"WN","N298WN"
"WN","N631SW"
"WN","N607SW"
"WN","N606SW"
"WN","N243WN"
"WN","N242WN"
"WN","N785SW"
"WN","N932WN"
"WN","N764SW"
"WN","N715SW"
"WN","N8609A"
"WN","N233LV"
"WN","N569WN"
"WN","N409WN"
"WN","N392SW"
"WN","N968WN"
"WN","N470WN"
"WN","N8689C"
"WN","N954WN"
"WN","N914WN"
"WN","N379SW"
"WN","N401WN"
"WN","N387SW"
"WN","N704SW"
"WN","N8615E"
"WN","N647SW"
"WN","N8658A"
"WN","N711HK"
"WN","N8608N"
"WN","N362SW"
"WN","N634SW"
"WN","N8324A"
"WN","N7826B"
"WN","N485WN"
"WN","N467WN"
"WN","N794SW"
"WN","N8617E"
"WN","N553WN"
"WN","N260WN"
"WN","N739GB"
"WN","N929WN"
"WN","N7882B"
"WN","N760SW"
"WN","N713SW"
"WN","N7835A"
"WN","N277WN"
"WN","N714CB"
"WN","N421LV"
"WN","N8618N"
"WN","N646SW"
"WN","N626SW"
"WN","N266WN"
"WN","N7738A"
"WN","N916WN"
"WN","N952WN"
"WN","N8319F"
"WN","N7744A"
"WN","N254WN"
"WN","N735SA"
"WN","N639SW"
"WN","N263WN"
"WN","N7817J"
"WN","N928WN"
"WN","N623SW"
"WN","N904WN"
"WN","N729SW"
"WN","N281WN"
"WN","N8695D"
"WN","N654SW"
"WN","N620SW"
"WN","N655WN"
"WN","N361SW"
"WN","N232WN"
"WN","N223WN"
"WN","N771SA"
"WN","N423WN"
"WN","N8647A"
"WN","N636WN"
"WN","N909WN"
"WN","N642WN"
"WN","N395SW"
"WN","N396SW"
"WN","N7735A"
"WN","N246LV"
"WN","N441WN"
"WN","N285WN"
"WN","N269WN"
"WN","N7730A"
"WN","N252WN"
"WN","N297WN"
"WN","N8687A"
"WN","N615SW"
"WN","N792SW"
"WN","N644SW"
"WN","N765SW"
"WN","N461WN"
"WN","N226WN"
"WN","N763SW"
"WN","N947WN"
"WN","N754SW"
"WN","N274WN"
"WN","N561WN"
"WN","N784SW"
"WN","N7709A"
"WN","N552WN"
"WN","N799SW"
"WN","N917WN"
"WN","N557WN"
"WN","N412WN"
"WN","N625SW"
"WN","N230WN"
"WN","N963WN"
"WN","N435WN"
"WN","N7849A"
"WN","N7883A"
"WN","N656SW"
"WN","N566WN"
"WN","N8601C"
"WN","N7828A"
"WN","N964WN"
"WN","N728SW"
"WN","N555LV"
"WN","N488WN"
"WN","N481WN"
"WN","N8511K"
"WN","N258WN"
"WN","N224WN"
"WN","N8675A"
"WN","N7717D"
"WN","N8519R"
"WN","N8655D"
"WN","N434WN"
"WN","N950WN"
"WN","N8697C"
"WN","N7701B"
"WN","N284WN"
"WN","N357SW"
"WN","N7829B"
"WN","N457WN"
"WN","N748SW"
"WN","N498WN"
"WN","N770SA"
"WN","N618WN"
"WN","N624SW"
"WN","N610WN"
"WN","N399WN"
"WN","N961WN"
"WN","N227WN"
"WN","N250WN"
"WN","N276WN"
"WN","N773SA"
"WN","N774SW"
"WN","N429WN"
"WN","N798SW"
"WN","N257WN"
"WN","N256WN"
"WN","N8688J"
"WN","N259WN"
"WN","N8310C"
"WN","N283WN"
"WN","N465WN"
"WN","N733SA"
"WN","N652SW"
"WN","N920WN"
"WN","N648SW"
"WN","N7724A"
"WN","N601WN"
"WN","N7725A"
"WN","N935WN"
"WN","N8510E"
"WN","N942WN"
"WN","N7851A"
"WN","N449WN"
"WN","N562WN"
"WN","N900WN"
"WN","N8652B"
"WN","N769SW"
"WN","N469WN"
"WN","N383SW"
"WN","N8679A"
"WN","N603SW"
"WN","N8660A"
"WN","N8313F"
"WN","N417WN"
"WN","N8508W"
"WN","N962WN"
"WN","N466WN"
"WN","N209WN"
"WN","N473WN"
"WN","N783SW"
"WN","N460WN"
"WN","N238WN"
"WN","N8322X"
"WN","N790SW"
"WN","N272WN"
"WN","N7726A"
"WN","N430WN"
"WN","N701GS"
"WN","N8629A"
"WN","N425LV"
"WN","N7711N"
"WN","N273WN"
"WN","N275WN"
"WN","N791SW"
"WN","N751SW"
"WN","N439WN"
"WN","N390SW"
"WN","N726SW"
"WN","N293WN"
"WN","N289CT"
"WN","N969WN"
"WN","N8315C"
"WN","N619SW"
"WN","N7706A"
"WN","N8645A"
"WN","N7731A"
"WN","N7852A"
"WN","N8619F"
"WN","N8682B"
"WN","N479WN"
"WN","N7748A"
"WN","N207WN"
"WN","N8325D"
"WN","N7703A"
"WN","N640SW"
"WN","N8518R"
"WN","N737JW"
"WN","N445WN"
"WN","N8625A"
"WN","N565WN"
"WN","N8520Q"
"WN","N8628A"
"WN","N756SA"
"WN","N203WN"
"WN","N8524Z"
"WN","N8638A"
"WN","N8661A"
"WN","N719SW"
"WN","N497WN"
"WN","N8627B"
"WN","N787SA"
"WN","N7823A"
"WN","N7842A"
"WN","N772SW"
"WN","N443WN"
"WN","N641SW"
"WN","N7815L"
"WN","N7877H"
"WN","N910WN"
"WN","N480WN"
"WN","N483WN"
"WN","N951WN"
"WN","N414WN"
"WN","N7843A"
"WN","N924WN"
"WN","N7833A"
"WN","N7705A"
"WN","N253WN"
"WN","N214WN"
"WN","N7832A"
"WN","N7721E"
"WN","N782SA"
"WN","N7740A"
"WN","N279WN"
"WN","N453WN"
"WN","N234WN"
"WN","N440LV"
"WN","N206WN"
"WN","N456WN"
"WN","N8681M"
"WN","N422WN"
"WN","N8525S"
"WN","N270WN"
"WN","N622SW"
"WN","N750SA"
"WN","N205WN"
"WN","N8504G"
"WN","N376SW"
"WN","N8698B"
"WN","N8640D"
"WN","N292WN"
"WN","N437WN"
"WN","N8323C"
"WN","N608SW"
"WN","N8326F"
"WN","N946WN"
"WN","N922WN"
"WN","N8610A"
"WN","N8316H"
"WN","N8600F"
"WN","N943WN"
"WN","N8328A"
"WN","N8312C"
"WN","N8306H"
"WN","N8667D"
"WN","N8639B"
"WN","N8668A"
"WN","N709SW"
"WN","N633SW"
"WN","N781WN"
"WN","N712SW"
"WN","N455WN"
"WN","N628SW"
"WN","N400WN"
"WN","N403WN"
"WN","N7814B"
"WN","N8685B"
"WN","N8643A"
"WN","N201LV"
"WN","N7841A"
"WN","N8677A"
"WN","N8637A"
"WN","N225WN"
"WN","N7885A"
"WN","N7845A"
"WN","N957WN"
"WN","N229WN"
"WN","N8523W"
"WN","N8690A"
"WN","N632SW"
"WN","N8317M"
"WN","N406WN"
"WN","N703SW"
"WN","N280WN"
"WN","N7729A"
"WN","N7720F"
"WN","N567WN"
"WN","N8501V"
"WN","N8614M"
"WN","N474WN"
"WN","N7839A"
"WN","N8630B"
"WN","N7728D"
"WN","N8680C"
"WN","N7824A"
"WN","N7819A"
"WN","N380SW"
"WN","N570WN"
"WN","N8691A"
"WN","N913WN"
"WN","N8302F"
"WN","N8683D"
"WN","N8309C"
"WN","N459WN"
"WN","N759GS"
"WN","N228WN"
"WN","N7850B"
"WN","N410WN"
"WN","N384SW"
"WN","N8656B"
"WN","N630WN"
"WN","N202WN"
"WN","N746SW"
"WN","N450WN"
"WN","N8644C"
"WN","N8646B"
"WN","N8673F"
"WN","N8634A"
"WN","N8693A"
"WN","N7749B"
"WN","N908WN"
"WN","N491WN"
"WN","N7822A"
"WN","N8502Z"
"WN","N222WN"
"WN","N287WN"
"WN","N462WN"
"WN","N938WN"
"WN","N8512U"
"WN","N7715E"
"WN","N8616C"
"WN","N405WN"
"WN","N605SW"
"WN","N651SW"
"WN","N475WN"
"WN","N486WN"
"WN","N768SW"
"WN","N966WN"
"WN","N235WN"
"WN","N490WN"
"WN","N602SW"
"WN","N907WN"
"WN","N404WN"
"WN","N8517F"
"WN","N296WN"
"WN","N458WN"
"WN","N558WN"
"WN","N795SW"
"WN","N8678E"
"WN","N255WN"
"WN","N8611F"
"WN","N264LV"
"WN","N244WN"
"WN","N8651A"
"WN","N7831B"
"WN","N7816B"
"WN","N7745A"
"WN","N919WN"
"WN","N905WN"
"WN","N7707C"
"WN","N216WR"
"WN","N629SW"
"WN","N7743B"
"WN","N8665D"
"WN","N236WN"
"WN","N7710A"
"WN","N650SW"
"WN","N215WN"
"WN","N8632A"
"WN","N8507C"
"WN","N717SA"
"WN","N7881A"
"WN","N8603F"
"WN","N967WN"
"WN","N7739A"
"WN","N389SW"
"WN","N419WN"
"WN","N231WN"
"WN","N731SA"
"WN","N926WN"
"WN","N7834A"
"WN","N363SW"
"WN","N8692F"
"WN","N653SW"
"WN","N789SW"
"WN","N745SW"
"WN","N7876A"
"WN","N918WN"
"WN","N7746C"
"WN","N468WN"
"WN","N210WN"
"WN","N432WN"
"WN","N758SW"
"WN","N208WN"
"WN","N915WN"
"WN","N7722B"
"WN","N8513F"
"WN","N7708E"
"WN","N8606C"
"WN","N8670A"
"WN","N8659D"
"WN","N906WN"
"WN","N8503A"
"WN","N8522P"
"WN","N492WN"
"WN","N397SW"
"WN","N7741C"
"WN","N705SW"
"WN","N723SW"
"WN","N7838A"
"WN","N477WN"
"WN","N487WN"
"WN","N248WN"
"WN","N7734H"
"WN","N956WN"
"WN","N7811F"
"WN","N8327A"
"WN","N286WN"
"WN","N8671D"
"WN","N463WN"
"WN","N7747C"
"WN","N8684F"
"WN","N7737E"
"WN","N8515X"
"WN","N8631A"
"WN","N8694E"
"WN","N742SW"
"WN","N8674B"
"WN","N8657B"
"WN","N247WN"
"WN","N777QC"
"WN","N267WN"
"WN","N779SW"
"WN","N418WN"
"WN","N8605E"
"WN","N464WN"
"WN","N778SW"
"WN","N433LV"
"WN","N736SA"
"WN","N8664J"
"WN","N7713A"
"WN","N496WN"
"WN","N8320J"
"WN","N489WN"
"WN","N8526W"
"WN","N7836A"
"WN","N268WN"
"WN","N8672F"
"WN","N796SW"
"WN","N740SW"
"WN","N912WN"
"WN","N500WR"
"WN","N8633A"
"WN","N420WN"
"WN","N752SW"
"WN","N8329B"
"WN","N407WN"
"WN","N7812G"
"WN","N217JC"
"WN","N7818L"
"WN","N8321D"
"WN","N955WN"
"WN","N757LV"
"WN","N8308K"
"WN","N8650F"
"WN","N706SW"
"WN","N7874B"
"WN","N200WN"
"WN","N8641B"
"WN","N902WN"
"WN","N436WN"
"WN","N560WN"
"WN","N8305E"
"WN","N245WN"
"WN","N265WN"
"WN","N8649A"
"WN","N559WN"
"WN","N7875A"
"WN","N767SW"
"WN","N7827A"
"WN","N239WN"
"WN","N766SW"
"WN","N780SW"
"WN","N452WN"
"WN","N600WN"
"WN","N7716A"
"WN","N8303R"
"WN","N495WN"
"WN","N7813P"
"WN","N762SW"
"WN","N7727A"
"WN","N8613K"
"WN","N426WN"
"WN","N8604K"
"WN","N262WN"
"WN","N8623F"
"WN","N386SW"
"WN","N710SW"
"WN","N7736A"
"WN","N454WN"
"WN","N291WN"
"WN","N7821L"
"WN","N901WN"
"WN","N8621A"
"WN","N288WN"
"WN","N7873A"
"WN","N484WN"
"WN","N933WN"
"WN","N923WN"
"WN","N939WN"
"WN","N8622A"
"WN","N211WN"
"WN","N931WN"
"WN","N793SA"
"WN","N550WN"
"WN","N416WN"
"WN","N494WN"
"WN","N930WN"
"WN","N382SW"
"WN","N295WN"
"WN","N7848A"
"WN","N551WN"
"WN","N8301J"
"WN","N424WN"
"WN","N294WN"
"WN","N213WN"
"WN","N413WN"
"WN","N7752B"
"WN","N927WN"
"WN","N965WN"
"WN","N7846A"
"WN","N708SW"
"WN","N948WN"
"WN","N941WN"
"WN","N447WN"
"WN","N949WN"
"WN","N7878A"
"WN","N934WN"
"WN","N8699A"
"WN","N775SW"
"WN","N627SW"
"WN","N7830A"
"WN","N8686A"
"WN","N724SW"
"WN","N398SW"
"WN","N614SW"
"WN","N446WN"
"WN","N7712G"
"WN","N749SW"
"WN","N8642E"
"WN","N299WN"
"WN","N7733B"
"WN","N8653A"
"WN","N249WN"
"WN","N8676A"
"WN","N727SW"
"WN","N788SA"
"WN","N7742B"
"WN","N431WN"
"WN","N8612K"
"WN","N744SW"
"WN","N241WN"
"WN","N7732A"
"WN","N554WN"
"WN","N700GS"
"WN","N8311Q"
"WN","N8626B"
"WN","N240WN"
"WN","N8624J"
"WN","N797MX"
"WN","N741SA"
"WN",""
"WN","N743SW"
"WN","N8318F"
"WN","N261WN"
"WN","N944WN"
"WN","N940WN"
"WN","N444WN"
"WN","N8669B"
"WN","N251WN"
"WN","N8314L"
"WN","N8514F"
"WN","N478WN"
"WN","N385SW"
"WN","N8307K"
"WN","N428WN"
"WN","N7719A"
"WN","N271LV"
"WN","N7704B"
"WN","N8620H"
"WN","N945WN"
"WN","N903WN"
"WN","N638SW"
"WN","N7702A"
"WN","N563WN"
"WN","N394SW"
"WN","N290WN"
"WN","N402WN"
"WN","N564WN"
"WN","N959WN"
"WN","N7751A"
"WN","N427WN"
"WN","N7750A"
"WN","N472WN"
"WN","N761RR"
"WN","N278WN"
"WN","N219WN"
"WN","N482WN"
"WN","N218WN"
"WN","N8635F"
"WN","N282WN"
"WN","N212WN"
"WN","N755SA"
"WN","N8654B"
"WN","N937WN"
"WN","N8527Q"
"WN","N958WN"
"WN","N7854B"
"WN","N8528Q"
"WN","N438WN"
"WN","N378SW"
"WN","N953WN"
"WN","N7853B"
"WN","N734SA"
"WN","N936WN"
"WN","N7723E"
"WN","N7718B"
"WN","N220WN"
"AA","N3PMAA"
"AA","N3PKAA"
"AA","N3PLAA"
"AA","N5DKAA"
"AA","N3PHAA"
"AA","N3PJAA"
"AA","N3PNAA"
"AA","N904AA"
"AA","N907AA"
"AA","N906AA"
"AA","N901AA"
"AA","N903AA"
"AA","N905AA"
"AA","N908AA"
"AA","N3PPAA"
"AA","N934AA"
"AA","N108AA"
"AA",""
"AA","N717AA"
"AA","N902AA"
"AA","N7LBAA"
"AA","N7LEAA"
"AA","N7BWAA"
"AA","N7LNAA"
"AA","N7BFAA"
"AA","N8AGAA"
"AA","N8ABAA"
"AA","N8ACAA"
"AA","N8ALAA"
"AA","N8LGAA"
"AA","N8LJAA"
"AA","N8LCAA"
"AA","N8LEAA"
"AA","N8LAAA"
"AA","N8LBAA"
"AA","N8LDAA"
"AA","N8LFAA"
"AA","N8LHAA"
"AS","N272AK"
"AS","N275AK"
"AS","N274AK"
"AS","N273AK"
"AS","N277AK"
"B6","N980JB"
"B6","N981JB"
"DL","N324DX"
"DL","N917DL"
"DL","N320DN"
"DL","N819DX"
"DL","N776DE"
"DL","N879DN"
"DL","N323DN"
"DL","N831NW"
"DL","N774DE"
"DL","N315NB"
"DL","N877DN"
"DL","N665DN"
"DL","N377DE"
"DL","N775DE"
"DL","N667DN"
"DL","N878DA"
"DL","N881DN"
"DL","N321DH"
"DL","N301DV"
"DL","N177DN"
"DL","N834MH"
"DL","N322DN"
"DL","N811NW"
"DL","N183DN"
"DL","N843MH"
"DL","N880DN"
"DL","N174DN"
"DL","N830NW"
"DL","N882DN"
"DL","N325DN"
"DL","N826MH"
"DL","N883DN"
"DL","N801NW"
"DL","N175DZ"
"DL","N851NW"
"EV","N605QX"
"EV","N17108"
"EV","N17169"
"EV","N14905"
"EV","N740EV"
"F9","N310FR"
"F9","N311FR"
"F9","N719FR"
"HA","N479HA"
"NK","N536NK"
"NK","N535NK"
"NK","N649NK"
"NK","N901NK"
"NK","N676NK"
"NK","N677NK"
"NK","N675NK"
"NK","N650NK"
"OO","N877AS"
"OO","N906EV"
"OO","N909EV"
"OO","N907EV"
"OO","N904EV"
"OO","N423SW"
"OO","N900EV"
"OO","N923EV"
"OO","N258SY"
"OO","N878AS"
"OO","N914EV"
"OO","N260SY"
"OO","N919EV"
"OO","N868AS"
"OO","N256SY"
"OO","N882AS"
"OO","N881AS"
"OO","N8903A"
"OO","N953SW"
"OO","N257SY"
"OO","N259SY"
"OO","N876AS"
"OO","N209SY"
"OO","N211SY"
"OO","N207SY"
"OO","N213SY"
"OO","N920EV"
"OO","N917EV"
"OO","N984CA"
"UA","N26210"
"UA","N13113"
"UA","N822UA"
"UA","N895UA"
"UA","N76021"
"UA","N213UA"
"UA","N78001"
"UA","N894UA"
"UA","N54711"
"UA","N13138"
"UA","N893UA"
"UA","N2138U"
"UA","N2639U"
"UA","N2140U"
"UA","N410UA"
"UA","N219UA"
"UA","N2142U"
"UA","N217UA"
"UA","N2243U"
"UA","N641UA"
"UA","N788UA"
"UA","N2737U"
"UA","N2341U"
"UA","N782UA"
"UA","N647UA"
"UA","N2136U"
"UA","N69059"
"UA","N26967"
"UA","N222UA"
"UA","N69020"
"VX","N921VA"
"VX","N922VA"
"WN","N8533S"
"WN","N7856A"
"WN","N7857B"
"WN","N8537Z"
"WN","N8535S"
"WN","N8532S"
"WN","N8540V"
"WN","N8541W"
"WN","N408WN"
"WN","N8530W"
"WN","N8536Z"
"WN","N747SA"
"WN","N7855A"
"WN","N8529Z"
"WN","N8534Z"
"WN","N8539V"
"WN","N8531Q"
"WN","N8538V"
"WN","N7858A"
"WN","N8543Z"
"WN","N8542Z"
"WN","N8544Z"
"AA","N3PRAA"
"AA","N3PTAA"
"AA","N3PWAA"
"AA","N3PSAA"
"AA","N909AA"
"AA","N910AA"
"AA","N3PUAA"
"AA","N3PVAA"
"AA","N3PXAA"
"AA","N3RBAA"
"AA","N3RAAA"
"AA","N8LPAA"
"AA","N8LNAA"
"AA","N8LMAA"
"AA","N8LKAA"
"AA","N8LLAA"
"AS","N278AK"
"AS","N280AK"
"AS","N281AK"
"AS","N282AK"
"AS","N283AK"
"B6","N986JB"
"B6","N982JB"
"B6","N988JB"
"B6","N984JB"
"B6","N985JB"
"B6","N983JB"
"B6","N987JB"
"B6","N989JB"
"B6","N990JB"
"DL","N327DN"
"DL","N326DN"
"DL","N878DN"
"DL","N884DN"
"DL","N885DN"
"DL","N886DN"
"DL","N328DN"
"DL","N887DN"
"DL","N329DN"
"DL","N330DX"
"DL","N331DN"
"DL","N855NW"
"DL","N822DX"
"DL","N864DA"
"DL","N821DX"
"DL","N819NW"
"F9","N312FR"
"F9","N313FR"
"F9","N316FR"
"F9","N317FR"
"F9","N720FR"
"F9","N721FR"
"F9","N323FR"
"F9","N324FR"
"F9","N999FR"
"F9","N318FR"
"F9","N322FR"
"HA","N361HA"
"HA","N202HA"
"NK","N651NK"
"NK","N679NK"
"NK","N680NK"
"NK","N681NK"
"NK","N652NK"
"NK","N678NK"
"NK","N905NK"
"NK","N682NK"
"OO","N879AS"
"OO","N194SY"
"OO","N902EV"
"OO","N193SY"
"OO","N922EV"
"OO","N873AS"
"OO","N921EV"
"OO","N936EV"
"OO","N884AS"
"OO","N937EV"
"OO","N926EV"
"OO","N195SY"
"OO","N931EV"
"OO","N933EV"
"OO","N870AS"
"OO","N871AS"
"UA","N77022"
"UA","N78540"
"UA","N79541"
"UA","N77539"
"UA","N896UA"
"UA","N77542"
"UA","N77014"
"UA","N78003"
"UA","N77019"
"UA","N78009"
"UA","N78008"
"UA","N78002"
"UA","N57016"
"UA","N37018"
"UA","N74007"
"UA","N79011"
"UA","N77012"
"UA","N77006"
"UA","N45956"
"UA","N78017"
"UA","N76010"
"VX","N923VA"
"VX","N925VA"
"WN","N7862A"
"WN","N8706W"
"WN","N8552Z"
"WN","N8710M"
"WN","N8549Z"
"WN","N8551Q"
"WN","N7860A"
"WN","N8548P"
"WN","N8550Q"
"WN","N8547V"
"WN","N8705Q"
"WN","N8715Q"
"WN","N7859B"
"WN","N8716B"
"WN","N8546V"
"WN","N8707P"
"WN","N8714Q"
"WN","N8712L"
"WN","N8713M"
"WN","N8711Q"
"WN","N8708Q"
"WN","N8545V"
"WN","N7861J"
"WN","N8709Q"
"WN","N7863A"
"WN","N8553W"
"WN","N8554X"
"WN","N8555Z"
"WN","N8704Q"
"WN","N8556Z"
"AA","N489AA"
"AA","N7BVAA"
"AA","N7BNAA"
"AA","N672AA"
"AA","N7CCAA"
"AS","N792AS"
"AS","N791AS"
"DL","N623DL"
"DL","N315US"
"DL","N866DA"
"DL","N852NW"
"DL","N861NW"
"DL","N129DL"
"DL","N857NW"
"DL","N859NW"
"EV","N629AE"
"EV","N633AE"
"EV","N671AE"
"EV","N685AE"
"EV","N624AE"
"EV","N908EV"
"EV","N12996"
"EV","N14998"
"EV","N13997"
"EV","N16183"
"EV","N11193"
"EV","N14923"
"EV","N12924"
"EV","N11194"
"EV","N16999"
"EV","N13994"
"EV","N981EV"
"EV","N923EV"
"EV","N900EV"
"EV","N916EV"
"EV","N868AS"
"EV","N927EV"
"F9","N209FR"
"F9","N921FR"
"F9","N928FR"
"UA","N19951"
"UA","N175UA"
"UA","N27959"
"UA","N182UA"
"UA","N121UA"
"WN","N358SW"
"WN","N354SW"
"WN","N613SW"
"WN","N609SW"
"WN","N617SW"
"WN","N612SW"
"WN","N368SW"
"AA","N675AA"
"AA","N7BUAA"
"AS","N626AS"
"AS","N756AS"
"DL","N125DL"
"DL","N854NW"
"DL","N858NW"
"DL","N669US"
"DL","N863DA"
"DL","N853NW"
"EV","N15985"
"EV","N13995"
"EV","N14143"
"EV","N11181"
"EV","N21154"
"EV",""
"EV","N905EV"
"EV","N903EV"
"EV","N901EV"
"EV","N687JS"
"EV","N626AE"
"EV","N880AS"
"EV","N882AS"
"EV","N924EV"
"EV","N686BR"
"EV","N980EV"
"F9","N208FR"
"F9","N935FR"
"F9","N954FR"
"F9","N399FR"
"OO","N187SW"
"UA","N122UA"
"UA","N116UA"
"UA","N784UA"
"UA","N27957"
"UA","N29961"
"UA","N178UA"
"UA","N17963"
"UA","N26952"
"UA","N36962"
"WN","N360SW"
"WN","N374SW"
"WN","N611SW"
"WN","N356SW"
"UA","N35953"
"AA","N7BGAA"
"DL","N862DA"
"UA","N127UA"
"UA","N105UA"
"AA","N7BRAA"
"UA","N78005"
"UA","N13954"
"F9","PLANET"
"OO","N215AG"
"OO","N261SY"
"UA","N118UA"
"B6","N528JB"
"EV","N700TA"
"UA","N2644U"
"UA","N26970"
"UA","N38955"
"UA","N2534U"
"B6",""
"DL",""
"DL","N666US"
"DL","N667US"
